"","Country","Year","Adult Mortality"
"1","Afghanistan",2015,263
"2","Afghanistan",2014,271
"3","Afghanistan",2013,268
"4","Afghanistan",2012,272
"5","Afghanistan",2011,275
"6","Afghanistan",2010,279
"7","Afghanistan",2009,281
"8","Afghanistan",2008,287
"9","Afghanistan",2007,295
"10","Afghanistan",2006,295
"11","Afghanistan",2005,291
"12","Afghanistan",2004,293
"13","Afghanistan",2003,295
"14","Afghanistan",2002,3
"15","Afghanistan",2001,316
"16","Afghanistan",2000,321
"17","Albania",2015,74
"18","Albania",2014,8
"19","Albania",2013,84
"20","Albania",2012,86
"21","Albania",2011,88
"22","Albania",2010,91
"23","Albania",2009,91
"24","Albania",2008,1
"25","Albania",2007,9
"26","Albania",2006,99
"27","Albania",2005,15
"28","Albania",2004,17
"29","Albania",2003,18
"30","Albania",2002,15
"31","Albania",2001,14
"32","Albania",2000,11
"33","Algeria",2015,19
"34","Algeria",2014,11
"35","Algeria",2013,112
"36","Algeria",2012,113
"37","Algeria",2011,116
"38","Algeria",2010,119
"39","Algeria",2009,123
"40","Algeria",2008,126
"41","Algeria",2007,129
"42","Algeria",2006,132
"43","Algeria",2005,136
"44","Algeria",2004,14
"45","Algeria",2003,146
"46","Algeria",2002,145
"47","Algeria",2001,145
"48","Algeria",2000,145
"49","Angola",2015,335
"50","Angola",2014,348
"51","Angola",2013,355
"52","Angola",2012,358
"53","Angola",2011,361
"54","Angola",2010,365
"55","Angola",2009,369
"56","Angola",2008,371
"57","Angola",2007,375
"58","Angola",2006,381
"59","Angola",2005,382
"60","Angola",2004,386
"61","Angola",2003,388
"62","Angola",2002,391
"63","Angola",2001,44
"64","Angola",2000,48
"65","Antigua and Barbuda",2015,13
"66","Antigua and Barbuda",2014,131
"67","Antigua and Barbuda",2013,133
"68","Antigua and Barbuda",2012,134
"69","Antigua and Barbuda",2011,136
"70","Antigua and Barbuda",2010,138
"71","Antigua and Barbuda",2009,14
"72","Antigua and Barbuda",2008,142
"73","Antigua and Barbuda",2007,144
"74","Antigua and Barbuda",2006,145
"75","Antigua and Barbuda",2005,147
"76","Antigua and Barbuda",2004,149
"77","Antigua and Barbuda",2003,151
"78","Antigua and Barbuda",2002,153
"79","Antigua and Barbuda",2001,154
"80","Antigua and Barbuda",2000,156
"81","Argentina",2015,116
"82","Argentina",2014,118
"83","Argentina",2013,119
"84","Argentina",2012,12
"85","Argentina",2011,12
"86","Argentina",2010,121
"87","Argentina",2009,126
"88","Argentina",2008,126
"89","Argentina",2007,129
"90","Argentina",2006,127
"91","Argentina",2005,127
"92","Argentina",2004,13
"93","Argentina",2003,137
"94","Argentina",2002,138
"95","Argentina",2001,138
"96","Argentina",2000,137
"97","Armenia",2015,118
"98","Armenia",2014,12
"99","Armenia",2013,123
"100","Armenia",2012,121
"101","Armenia",2011,128
"102","Armenia",2010,132
"103","Armenia",2009,137
"104","Armenia",2008,14
"105","Armenia",2007,132
"106","Armenia",2006,141
"107","Armenia",2005,137
"108","Armenia",2004,132
"109","Armenia",2003,134
"110","Armenia",2002,134
"111","Armenia",2001,141
"112","Armenia",2000,142
"113","Australia",2015,59
"114","Australia",2014,6
"115","Australia",2013,61
"116","Australia",2012,61
"117","Australia",2011,63
"118","Australia",2010,64
"119","Australia",2009,66
"120","Australia",2008,66
"121","Australia",2007,66
"122","Australia",2006,66
"123","Australia",2005,67
"124","Australia",2004,69
"125","Australia",2003,71
"126","Australia",2002,73
"127","Australia",2001,75
"128","Australia",2000,78
"129","Austria",2015,65
"130","Austria",2014,66
"131","Austria",2013,68
"132","Austria",2012,7
"133","Austria",2011,73
"134","Austria",2010,75
"135","Austria",2009,77
"136","Austria",2008,76
"137","Austria",2007,8
"138","Austria",2006,81
"139","Austria",2005,85
"140","Austria",2004,86
"141","Austria",2003,88
"142","Austria",2002,9
"143","Austria",2001,92
"144","Austria",2000,96
"145","Azerbaijan",2015,118
"146","Azerbaijan",2014,119
"147","Azerbaijan",2013,121
"148","Azerbaijan",2012,123
"149","Azerbaijan",2011,125
"150","Azerbaijan",2010,13
"151","Azerbaijan",2009,132
"152","Azerbaijan",2008,141
"153","Azerbaijan",2007,14
"154","Azerbaijan",2006,154
"155","Azerbaijan",2005,162
"156","Azerbaijan",2004,154
"157","Azerbaijan",2003,154
"158","Azerbaijan",2002,146
"159","Azerbaijan",2001,151
"160","Azerbaijan",2000,16
"161","Bahrain",2015,69
"162","Bahrain",2014,7
"163","Bahrain",2013,7
"164","Bahrain",2012,71
"165","Bahrain",2011,76
"166","Bahrain",2010,73
"167","Bahrain",2009,74
"168","Bahrain",2008,76
"169","Bahrain",2007,77
"170","Bahrain",2006,79
"171","Bahrain",2005,81
"172","Bahrain",2004,83
"173","Bahrain",2003,85
"174","Bahrain",2002,87
"175","Bahrain",2001,9
"176","Bahrain",2000,92
"177","Bangladesh",2015,129
"178","Bangladesh",2014,132
"179","Bangladesh",2013,135
"180","Bangladesh",2012,137
"181","Bangladesh",2011,14
"182","Bangladesh",2010,142
"183","Bangladesh",2009,144
"184","Bangladesh",2008,147
"185","Bangladesh",2007,151
"186","Bangladesh",2006,152
"187","Bangladesh",2005,155
"188","Bangladesh",2004,158
"189","Bangladesh",2003,161
"190","Bangladesh",2002,164
"191","Bangladesh",2001,168
"192","Bangladesh",2000,173
"193","Barbados",2015,98
"194","Barbados",2014,1
"195","Barbados",2013,11
"196","Barbados",2012,12
"197","Barbados",2011,14
"198","Barbados",2010,16
"199","Barbados",2009,19
"200","Barbados",2008,111
"201","Barbados",2007,113
"202","Barbados",2006,115
"203","Barbados",2005,117
"204","Barbados",2004,119
"205","Barbados",2003,121
"206","Barbados",2002,123
"207","Barbados",2001,125
"208","Barbados",2000,127
"209","Belarus",2015,196
"210","Belarus",2014,199
"211","Belarus",2013,23
"212","Belarus",2012,194
"213","Belarus",2011,232
"214","Belarus",2010,222
"215","Belarus",2009,226
"216","Belarus",2008,224
"217","Belarus",2007,226
"218","Belarus",2006,243
"219","Belarus",2005,252
"220","Belarus",2004,247
"221","Belarus",2003,253
"222","Belarus",2002,262
"223","Belarus",2001,254
"224","Belarus",2000,247
"225","Belgium",2015,74
"226","Belgium",2014,76
"227","Belgium",2013,77
"228","Belgium",2012,78
"229","Belgium",2011,8
"230","Belgium",2010,81
"231","Belgium",2009,85
"232","Belgium",2008,87
"233","Belgium",2007,86
"234","Belgium",2006,85
"235","Belgium",2005,89
"236","Belgium",2004,91
"237","Belgium",2003,95
"238","Belgium",2002,99
"239","Belgium",2001,1
"240","Belgium",2000,11
"241","Belize",2015,175
"242","Belize",2014,177
"243","Belize",2013,18
"244","Belize",2012,189
"245","Belize",2011,188
"246","Belize",2010,186
"247","Belize",2009,184
"248","Belize",2008,181
"249","Belize",2007,181
"250","Belize",2006,184
"251","Belize",2005,191
"252","Belize",2004,197
"253","Belize",2003,21
"254","Belize",2002,199
"255","Belize",2001,21
"256","Belize",2000,196
"257","Benin",2015,249
"258","Benin",2014,252
"259","Benin",2013,251
"260","Benin",2012,251
"261","Benin",2011,251
"262","Benin",2010,254
"263","Benin",2009,259
"264","Benin",2008,278
"265","Benin",2007,283
"266","Benin",2006,284
"267","Benin",2005,285
"268","Benin",2004,285
"269","Benin",2003,285
"270","Benin",2002,283
"271","Benin",2001,281
"272","Benin",2000,279
"273","Bhutan",2015,211
"274","Bhutan",2014,216
"275","Bhutan",2013,219
"276","Bhutan",2012,223
"277","Bhutan",2011,225
"278","Bhutan",2010,228
"279","Bhutan",2009,232
"280","Bhutan",2008,234
"281","Bhutan",2007,238
"282","Bhutan",2006,245
"283","Bhutan",2005,254
"284","Bhutan",2004,263
"285","Bhutan",2003,273
"286","Bhutan",2002,282
"287","Bhutan",2001,29
"288","Bhutan",2000,312
"289","Bolivia",2015,186
"290","Bolivia",2014,189
"291","Bolivia",2013,192
"292","Bolivia",2012,194
"293","Bolivia",2011,198
"294","Bolivia",2010,22
"295","Bolivia",2009,27
"296","Bolivia",2008,211
"297","Bolivia",2007,216
"298","Bolivia",2006,219
"299","Bolivia",2005,222
"300","Bolivia",2004,226
"301","Bolivia",2003,23
"302","Bolivia",2002,234
"303","Bolivia",2001,238
"304","Bolivia",2000,243
"305","Bosnia and Herz.",2015,88
"306","Bosnia and Herz.",2014,89
"307","Bosnia and Herz.",2013,9
"308","Bosnia and Herz.",2012,92
"309","Bosnia and Herz.",2011,92
"310","Bosnia and Herz.",2010,94
"311","Bosnia and Herz.",2009,97
"312","Bosnia and Herz.",2008,98
"313","Bosnia and Herz.",2007,16
"314","Bosnia and Herz.",2006,1
"315","Bosnia and Herz.",2005,12
"316","Bosnia and Herz.",2004,99
"317","Bosnia and Herz.",2003,12
"318","Bosnia and Herz.",2002,11
"319","Bosnia and Herz.",2001,113
"320","Bosnia and Herz.",2000,116
"321","Botswana",2015,256
"322","Botswana",2014,268
"323","Botswana",2013,286
"324","Botswana",2012,3
"325","Botswana",2011,325
"326","Botswana",2010,349
"327","Botswana",2009,393
"328","Botswana",2008,427
"329","Botswana",2007,436
"330","Botswana",2006,491
"331","Botswana",2005,566
"332","Botswana",2004,652
"333","Botswana",2003,693
"334","Botswana",2002,699
"335","Botswana",2001,679
"336","Botswana",2000,647
"337","Brazil",2015,142
"338","Brazil",2014,144
"339","Brazil",2013,146
"340","Brazil",2012,148
"341","Brazil",2011,152
"342","Brazil",2010,154
"343","Brazil",2009,157
"344","Brazil",2008,158
"345","Brazil",2007,159
"346","Brazil",2006,161
"347","Brazil",2005,163
"348","Brazil",2004,17
"349","Brazil",2003,172
"350","Brazil",2002,176
"351","Brazil",2001,179
"352","Brazil",2000,183
"353","Brunei",2015,78
"354","Brunei",2014,8
"355","Brunei",2013,84
"356","Brunei",2012,79
"357","Brunei",2011,79
"358","Brunei",2010,79
"359","Brunei",2009,88
"360","Brunei",2008,84
"361","Brunei",2007,1
"362","Brunei",2006,93
"363","Brunei",2005,92
"364","Brunei",2004,89
"365","Brunei",2003,89
"366","Brunei",2002,95
"367","Brunei",2001,19
"368","Brunei",2000,16
"369","Bulgaria",2015,137
"370","Bulgaria",2014,138
"371","Bulgaria",2013,14
"372","Bulgaria",2012,139
"373","Bulgaria",2011,144
"374","Bulgaria",2010,147
"375","Bulgaria",2009,152
"376","Bulgaria",2008,155
"377","Bulgaria",2007,157
"378","Bulgaria",2006,161
"379","Bulgaria",2005,16
"380","Bulgaria",2004,157
"381","Bulgaria",2003,155
"382","Bulgaria",2002,157
"383","Bulgaria",2001,16
"384","Bulgaria",2000,163
"385","Burkina Faso",2015,26
"386","Burkina Faso",2014,268
"387","Burkina Faso",2013,27
"388","Burkina Faso",2012,271
"389","Burkina Faso",2011,275
"390","Burkina Faso",2010,279
"391","Burkina Faso",2009,283
"392","Burkina Faso",2008,288
"393","Burkina Faso",2007,293
"394","Burkina Faso",2006,32
"395","Burkina Faso",2005,313
"396","Burkina Faso",2004,323
"397","Burkina Faso",2003,332
"398","Burkina Faso",2002,338
"399","Burkina Faso",2001,344
"400","Burkina Faso",2000,348
"401","Burundi",2015,288
"402","Burundi",2014,297
"403","Burundi",2013,33
"404","Burundi",2012,312
"405","Burundi",2011,321
"406","Burundi",2010,33
"407","Burundi",2009,338
"408","Burundi",2008,35
"409","Burundi",2007,355
"410","Burundi",2006,361
"411","Burundi",2005,369
"412","Burundi",2004,378
"413","Burundi",2003,387
"414","Burundi",2002,387
"415","Burundi",2001,385
"416","Burundi",2000,386
"417","Côte d'Ivoire",2015,397
"418","Côte d'Ivoire",2014,47
"419","Côte d'Ivoire",2013,412
"420","Côte d'Ivoire",2012,415
"421","Côte d'Ivoire",2011,419
"422","Côte d'Ivoire",2010,417
"423","Côte d'Ivoire",2009,426
"424","Côte d'Ivoire",2008,437
"425","Côte d'Ivoire",2007,443
"426","Côte d'Ivoire",2006,452
"427","Côte d'Ivoire",2005,466
"428","Côte d'Ivoire",2004,472
"429","Côte d'Ivoire",2003,473
"430","Côte d'Ivoire",2002,473
"431","Côte d'Ivoire",2001,467
"432","Côte d'Ivoire",2000,461
"433","Cambodia",2015,174
"434","Cambodia",2014,179
"435","Cambodia",2013,183
"436","Cambodia",2012,186
"437","Cambodia",2011,19
"438","Cambodia",2010,192
"439","Cambodia",2009,195
"440","Cambodia",2008,199
"441","Cambodia",2007,24
"442","Cambodia",2006,216
"443","Cambodia",2005,234
"444","Cambodia",2004,253
"445","Cambodia",2003,268
"446","Cambodia",2002,273
"447","Cambodia",2001,273
"448","Cambodia",2000,274
"449","Cameroon",2015,357
"450","Cameroon",2014,366
"451","Cameroon",2013,364
"452","Cameroon",2012,369
"453","Cameroon",2011,371
"454","Cameroon",2010,37
"455","Cameroon",2009,373
"456","Cameroon",2008,382
"457","Cameroon",2007,395
"458","Cameroon",2006,394
"459","Cameroon",2005,4
"460","Cameroon",2004,412
"461","Cameroon",2003,412
"462","Cameroon",2002,47
"463","Cameroon",2001,41
"464","Cameroon",2000,394
"465","Canada",2015,64
"466","Canada",2014,65
"467","Canada",2013,67
"468","Canada",2012,68
"469","Canada",2011,68
"470","Canada",2010,7
"471","Canada",2009,72
"472","Canada",2008,74
"473","Canada",2007,74
"474","Canada",2006,75
"475","Canada",2005,76
"476","Canada",2004,77
"477","Canada",2003,78
"478","Canada",2002,79
"479","Canada",2001,8
"480","Canada",2000,82
"481","Cape Verde",2015,114
"482","Cape Verde",2014,117
"483","Cape Verde",2013,12
"484","Cape Verde",2012,121
"485","Cape Verde",2011,122
"486","Cape Verde",2010,123
"487","Cape Verde",2009,124
"488","Cape Verde",2008,124
"489","Cape Verde",2007,126
"490","Cape Verde",2006,129
"491","Cape Verde",2005,134
"492","Cape Verde",2004,14
"493","Cape Verde",2003,144
"494","Cape Verde",2002,148
"495","Cape Verde",2001,152
"496","Cape Verde",2000,155
"497","Central African Rep.",2015,397
"498","Central African Rep.",2014,437
"499","Central African Rep.",2013,451
"500","Central African Rep.",2012,439
"501","Central African Rep.",2011,443
"502","Central African Rep.",2010,446
"503","Central African Rep.",2009,453
"504","Central African Rep.",2008,477
"505","Central African Rep.",2007,495
"506","Central African Rep.",2006,56
"507","Central African Rep.",2005,511
"508","Central African Rep.",2004,512
"509","Central African Rep.",2003,51
"510","Central African Rep.",2002,58
"511","Central African Rep.",2001,54
"512","Central African Rep.",2000,49
"513","Chad",2015,356
"514","Chad",2014,362
"515","Chad",2013,366
"516","Chad",2012,367
"517","Chad",2011,365
"518","Chad",2010,364
"519","Chad",2009,37
"520","Chad",2008,394
"521","Chad",2007,394
"522","Chad",2006,414
"523","Chad",2005,46
"524","Chad",2004,45
"525","Chad",2003,43
"526","Chad",2002,43
"527","Chad",2001,4
"528","Chad",2000,44
"529","Chile",2015,82
"530","Chile",2014,83
"531","Chile",2013,84
"532","Chile",2012,84
"533","Chile",2011,86
"534","Chile",2010,89
"535","Chile",2009,91
"536","Chile",2008,88
"537","Chile",2007,9
"538","Chile",2006,91
"539","Chile",2005,93
"540","Chile",2004,97
"541","Chile",2003,1
"542","Chile",2002,11
"543","Chile",2001,16
"544","Chile",2000,13
"545","China",2015,85
"546","China",2014,86
"547","China",2013,88
"548","China",2012,89
"549","China",2011,91
"550","China",2010,92
"551","China",2009,93
"552","China",2008,97
"553","China",2007,96
"554","China",2006,98
"555","China",2005,99
"556","China",2004,11
"557","China",2003,13
"558","China",2002,16
"559","China",2001,11
"560","China",2000,115
"561","Colombia",2015,143
"562","Colombia",2014,144
"563","Colombia",2013,145
"564","Colombia",2012,143
"565","Colombia",2011,144
"566","Colombia",2010,15
"567","Colombia",2009,15
"568","Colombia",2008,146
"569","Colombia",2007,144
"570","Colombia",2006,147
"571","Colombia",2005,144
"572","Colombia",2004,148
"573","Colombia",2003,15
"574","Colombia",2002,163
"575","Colombia",2001,165
"576","Colombia",2000,167
"577","Comoros",2015,227
"578","Comoros",2014,23
"579","Comoros",2013,233
"580","Comoros",2012,237
"581","Comoros",2011,241
"582","Comoros",2010,246
"583","Comoros",2009,251
"584","Comoros",2008,255
"585","Comoros",2007,259
"586","Comoros",2006,262
"587","Comoros",2005,266
"588","Comoros",2004,269
"589","Comoros",2003,271
"590","Comoros",2002,271
"591","Comoros",2001,272
"592","Comoros",2000,272
"593","Congo",2015,267
"594","Congo",2014,275
"595","Congo",2013,274
"596","Congo",2012,273
"597","Congo",2011,285
"598","Congo",2010,298
"599","Congo",2009,314
"600","Congo",2008,338
"601","Congo",2007,354
"602","Congo",2006,368
"603","Congo",2005,394
"604","Congo",2004,48
"605","Congo",2003,417
"606","Congo",2002,424
"607","Congo",2001,419
"608","Congo",2000,416
"609","Costa Rica",2015,95
"610","Costa Rica",2014,96
"611","Costa Rica",2013,96
"612","Costa Rica",2012,97
"613","Costa Rica",2011,98
"614","Costa Rica",2010,16
"615","Costa Rica",2009,96
"616","Costa Rica",2008,99
"617","Costa Rica",2007,93
"618","Costa Rica",2006,16
"619","Costa Rica",2005,97
"620","Costa Rica",2004,12
"621","Costa Rica",2003,1
"622","Costa Rica",2002,99
"623","Costa Rica",2001,1
"624","Costa Rica",2000,98
"625","Croatia",2015,95
"626","Croatia",2014,97
"627","Croatia",2013,97
"628","Croatia",2012,14
"629","Croatia",2011,14
"630","Croatia",2010,16
"631","Croatia",2009,19
"632","Croatia",2008,116
"633","Croatia",2007,114
"634","Croatia",2006,113
"635","Croatia",2005,116
"636","Croatia",2004,114
"637","Croatia",2003,122
"638","Croatia",2002,124
"639","Croatia",2001,126
"640","Croatia",2000,127
"641","Cuba",2015,92
"642","Cuba",2014,93
"643","Cuba",2013,96
"644","Cuba",2012,96
"645","Cuba",2011,92
"646","Cuba",2010,98
"647","Cuba",2009,11
"648","Cuba",2008,12
"649","Cuba",2007,14
"650","Cuba",2006,14
"651","Cuba",2005,19
"652","Cuba",2004,17
"653","Cuba",2003,18
"654","Cuba",2002,19
"655","Cuba",2001,115
"656","Cuba",2000,115
"657","Cyprus",2015,52
"658","Cyprus",2014,53
"659","Cyprus",2013,54
"660","Cyprus",2012,56
"661","Cyprus",2011,57
"662","Cyprus",2010,59
"663","Cyprus",2009,6
"664","Cyprus",2008,62
"665","Cyprus",2007,63
"666","Cyprus",2006,64
"667","Cyprus",2005,65
"668","Cyprus",2004,65
"669","Cyprus",2003,66
"670","Cyprus",2002,68
"671","Cyprus",2001,69
"672","Cyprus",2000,7
"673","Czechia",2015,86
"674","Czechia",2014,88
"675","Czechia",2013,9
"676","Czechia",2012,93
"677","Czechia",2011,97
"678","Czechia",2010,99
"679","Czechia",2009,12
"680","Czechia",2008,16
"681","Czechia",2007,17
"682","Czechia",2006,19
"683","Czechia",2005,114
"684","Czechia",2004,116
"685","Czechia",2003,122
"686","Czechia",2002,12
"687","Czechia",2001,123
"688","Czechia",2000,126
"689","Dem. Rep. Congo",2015,258
"690","Dem. Rep. Congo",2014,266
"691","Dem. Rep. Congo",2013,272
"692","Dem. Rep. Congo",2012,277
"693","Dem. Rep. Congo",2011,278
"694","Dem. Rep. Congo",2010,283
"695","Dem. Rep. Congo",2009,292
"696","Dem. Rep. Congo",2008,295
"697","Dem. Rep. Congo",2007,299
"698","Dem. Rep. Congo",2006,36
"699","Dem. Rep. Congo",2005,314
"700","Dem. Rep. Congo",2004,323
"701","Dem. Rep. Congo",2003,332
"702","Dem. Rep. Congo",2002,341
"703","Dem. Rep. Congo",2001,34
"704","Dem. Rep. Congo",2000,346
"705","Djibouti",2015,241
"706","Djibouti",2014,252
"707","Djibouti",2013,256
"708","Djibouti",2012,263
"709","Djibouti",2011,268
"710","Djibouti",2010,273
"711","Djibouti",2009,279
"712","Djibouti",2008,289
"713","Djibouti",2007,296
"714","Djibouti",2006,39
"715","Djibouti",2005,318
"716","Djibouti",2004,326
"717","Djibouti",2003,325
"718","Djibouti",2002,322
"719","Djibouti",2001,323
"720","Djibouti",2000,325
"721","Dominican Rep.",2015,152
"722","Dominican Rep.",2014,154
"723","Dominican Rep.",2013,157
"724","Dominican Rep.",2012,174
"725","Dominican Rep.",2011,16
"726","Dominican Rep.",2010,166
"727","Dominican Rep.",2009,157
"728","Dominican Rep.",2008,161
"729","Dominican Rep.",2007,164
"730","Dominican Rep.",2006,178
"731","Dominican Rep.",2005,28
"732","Dominican Rep.",2004,214
"733","Dominican Rep.",2003,22
"734","Dominican Rep.",2002,189
"735","Dominican Rep.",2001,188
"736","Dominican Rep.",2000,176
"737","Ecuador",2015,118
"738","Ecuador",2014,121
"739","Ecuador",2013,121
"740","Ecuador",2012,127
"741","Ecuador",2011,131
"742","Ecuador",2010,134
"743","Ecuador",2009,137
"744","Ecuador",2008,139
"745","Ecuador",2007,14
"746","Ecuador",2006,144
"747","Ecuador",2005,151
"748","Ecuador",2004,148
"749","Ecuador",2003,151
"750","Ecuador",2002,157
"751","Ecuador",2001,158
"752","Ecuador",2000,163
"753","Egypt",2015,159
"754","Egypt",2014,161
"755","Egypt",2013,159
"756","Egypt",2012,165
"757","Egypt",2011,168
"758","Egypt",2010,173
"759","Egypt",2009,174
"760","Egypt",2008,172
"761","Egypt",2007,171
"762","Egypt",2006,175
"763","Egypt",2005,174
"764","Egypt",2004,176
"765","Egypt",2003,178
"766","Egypt",2002,177
"767","Egypt",2001,177
"768","Egypt",2000,171
"769","El Salvador",2015,178
"770","El Salvador",2014,181
"771","El Salvador",2013,184
"772","El Salvador",2012,181
"773","El Salvador",2011,197
"774","El Salvador",2010,191
"775","El Salvador",2009,23
"776","El Salvador",2008,194
"777","El Salvador",2007,23
"778","El Salvador",2006,211
"779","El Salvador",2005,213
"780","El Salvador",2004,215
"781","El Salvador",2003,29
"782","El Salvador",2002,24
"783","El Salvador",2001,219
"784","El Salvador",2000,218
"785","Equatorial Guinea",2015,32
"786","Equatorial Guinea",2014,32
"787","Equatorial Guinea",2013,327
"788","Equatorial Guinea",2012,337
"789","Equatorial Guinea",2011,344
"790","Equatorial Guinea",2010,339
"791","Equatorial Guinea",2009,34
"792","Equatorial Guinea",2008,338
"793","Equatorial Guinea",2007,339
"794","Equatorial Guinea",2006,337
"795","Equatorial Guinea",2005,337
"796","Equatorial Guinea",2004,336
"797","Equatorial Guinea",2003,334
"798","Equatorial Guinea",2002,334
"799","Equatorial Guinea",2001,334
"800","Equatorial Guinea",2000,336
"801","Eritrea",2015,255
"802","Eritrea",2014,261
"803","Eritrea",2013,266
"804","Eritrea",2012,274
"805","Eritrea",2011,286
"806","Eritrea",2010,298
"807","Eritrea",2009,311
"808","Eritrea",2008,322
"809","Eritrea",2007,329
"810","Eritrea",2006,336
"811","Eritrea",2005,34
"812","Eritrea",2004,342
"813","Eritrea",2003,343
"814","Eritrea",2002,343
"815","Eritrea",2001,345
"816","Eritrea",2000,593
"817","Estonia",2015,119
"818","Estonia",2014,122
"819","Estonia",2013,127
"820","Estonia",2012,135
"821","Estonia",2011,138
"822","Estonia",2010,137
"823","Estonia",2009,156
"824","Estonia",2008,167
"825","Estonia",2007,189
"826","Estonia",2006,188
"827","Estonia",2005,189
"828","Estonia",2004,195
"829","Estonia",2003,199
"830","Estonia",2002,211
"831","Estonia",2001,225
"832","Estonia",2000,218
"833","eSwatini",2015,373
"834","eSwatini",2014,382
"835","eSwatini",2013,393
"836","eSwatini",2012,412
"837","eSwatini",2011,438
"838","eSwatini",2010,459
"839","eSwatini",2009,46
"840","eSwatini",2008,477
"841","eSwatini",2007,51
"842","eSwatini",2006,564
"843","eSwatini",2005,63
"844","eSwatini",2004,69
"845","eSwatini",2003,6
"846","eSwatini",2002,587
"847","eSwatini",2001,568
"848","eSwatini",2000,536
"849","Ethiopia",2015,225
"850","Ethiopia",2014,234
"851","Ethiopia",2013,237
"852","Ethiopia",2012,241
"853","Ethiopia",2011,249
"854","Ethiopia",2010,261
"855","Ethiopia",2009,274
"856","Ethiopia",2008,289
"857","Ethiopia",2007,39
"858","Ethiopia",2006,328
"859","Ethiopia",2005,343
"860","Ethiopia",2004,354
"861","Ethiopia",2003,363
"862","Ethiopia",2002,369
"863","Ethiopia",2001,372
"864","Ethiopia",2000,391
"865","Federated States of Micronesia",2015,166
"866","Federated States of Micronesia",2014,164
"867","Federated States of Micronesia",2013,166
"868","Federated States of Micronesia",2012,168
"869","Federated States of Micronesia",2011,169
"870","Federated States of Micronesia",2010,171
"871","Federated States of Micronesia",2009,172
"872","Federated States of Micronesia",2008,174
"873","Federated States of Micronesia",2007,175
"874","Federated States of Micronesia",2006,176
"875","Federated States of Micronesia",2005,178
"876","Federated States of Micronesia",2004,179
"877","Federated States of Micronesia",2003,18
"878","Federated States of Micronesia",2002,21
"879","Federated States of Micronesia",2001,183
"880","Federated States of Micronesia",2000,185
"881","Fiji",2015,188
"882","Fiji",2014,19
"883","Fiji",2013,192
"884","Fiji",2012,195
"885","Fiji",2011,197
"886","Fiji",2010,2
"887","Fiji",2009,23
"888","Fiji",2008,26
"889","Fiji",2007,29
"890","Fiji",2006,211
"891","Fiji",2005,214
"892","Fiji",2004,218
"893","Fiji",2003,22
"894","Fiji",2002,22
"895","Fiji",2001,221
"896","Fiji",2000,221
"897","Finland",2015,76
"898","Finland",2014,78
"899","Finland",2013,79
"900","Finland",2012,82
"901","Finland",2011,86
"902","Finland",2010,89
"903","Finland",2009,91
"904","Finland",2008,94
"905","Finland",2007,96
"906","Finland",2006,96
"907","Finland",2005,11
"908","Finland",2004,12
"909","Finland",2003,98
"910","Finland",2002,98
"911","Finland",2001,1
"912","Finland",2000,15
"913","France",2015,78
"914","France",2014,79
"915","France",2013,81
"916","France",2012,83
"917","France",2011,83
"918","France",2010,86
"919","France",2009,88
"920","France",2008,88
"921","France",2007,89
"922","France",2006,92
"923","France",2005,93
"924","France",2004,94
"925","France",2003,99
"926","France",2002,11
"927","France",2001,13
"928","France",2000,13
"929","Gabon",2015,229
"930","Gabon",2014,237
"931","Gabon",2013,255
"932","Gabon",2012,276
"933","Gabon",2011,289
"934","Gabon",2010,294
"935","Gabon",2009,31
"936","Gabon",2008,298
"937","Gabon",2007,291
"938","Gabon",2006,288
"939","Gabon",2005,37
"940","Gabon",2004,322
"941","Gabon",2003,32
"942","Gabon",2002,315
"943","Gabon",2001,37
"944","Gabon",2000,296
"945","Gambia",2015,262
"946","Gambia",2014,266
"947","Gambia",2013,266
"948","Gambia",2012,269
"949","Gambia",2011,277
"950","Gambia",2010,284
"951","Gambia",2009,286
"952","Gambia",2008,287
"953","Gambia",2007,288
"954","Gambia",2006,288
"955","Gambia",2005,294
"956","Gambia",2004,296
"957","Gambia",2003,297
"958","Gambia",2002,298
"959","Gambia",2001,3
"960","Gambia",2000,33
"961","Georgia",2015,129
"962","Georgia",2014,125
"963","Georgia",2013,128
"964","Georgia",2012,13
"965","Georgia",2011,127
"966","Georgia",2010,132
"967","Georgia",2009,133
"968","Georgia",2008,128
"969","Georgia",2007,12
"970","Georgia",2006,126
"971","Georgia",2005,128
"972","Georgia",2004,134
"973","Georgia",2003,132
"974","Georgia",2002,142
"975","Georgia",2001,121
"976","Georgia",2000,129
"977","Germany",2015,68
"978","Germany",2014,69
"979","Germany",2013,71
"980","Germany",2012,71
"981","Germany",2011,74
"982","Germany",2010,76
"983","Germany",2009,79
"984","Germany",2008,8
"985","Germany",2007,82
"986","Germany",2006,84
"987","Germany",2005,85
"988","Germany",2004,86
"989","Germany",2003,9
"990","Germany",2002,91
"991","Germany",2001,92
"992","Germany",2000,95
"993","Ghana",2015,249
"994","Ghana",2014,253
"995","Ghana",2013,254
"996","Ghana",2012,257
"997","Ghana",2011,263
"998","Ghana",2010,267
"999","Ghana",2009,271
"1000","Ghana",2008,275
"1001","Ghana",2007,28
"1002","Ghana",2006,288
"1003","Ghana",2005,296
"1004","Ghana",2004,34
"1005","Ghana",2003,38
"1006","Ghana",2002,31
"1007","Ghana",2001,39
"1008","Ghana",2000,38
"1009","Greece",2015,72
"1010","Greece",2014,73
"1011","Greece",2013,74
"1012","Greece",2012,76
"1013","Greece",2011,76
"1014","Greece",2010,76
"1015","Greece",2009,78
"1016","Greece",2008,77
"1017","Greece",2007,8
"1018","Greece",2006,77
"1019","Greece",2005,81
"1020","Greece",2004,81
"1021","Greece",2003,81
"1022","Greece",2002,81
"1023","Greece",2001,83
"1024","Greece",2000,84
"1025","Greenland",2015,71
"1026","Greenland",2014,73
"1027","Greenland",2013,75
"1028","Greenland",2012,76
"1029","Greenland",2011,79
"1030","Greenland",2010,84
"1031","Greenland",2009,86
"1032","Greenland",2008,88
"1033","Greenland",2007,93
"1034","Greenland",2006,93
"1035","Greenland",2005,92
"1036","Greenland",2004,98
"1037","Greenland",2003,11
"1038","Greenland",2002,14
"1039","Greenland",2001,12
"1040","Greenland",2000,12
"1041","Grenada",2015,142
"1042","Grenada",2014,143
"1043","Grenada",2013,144
"1044","Grenada",2012,146
"1045","Grenada",2011,15
"1046","Grenada",2010,154
"1047","Grenada",2009,158
"1048","Grenada",2008,162
"1049","Grenada",2007,164
"1050","Grenada",2006,167
"1051","Grenada",2005,169
"1052","Grenada",2004,187
"1053","Grenada",2003,173
"1054","Grenada",2002,176
"1055","Grenada",2001,178
"1056","Grenada",2000,182
"1057","Guatemala",2015,186
"1058","Guatemala",2014,187
"1059","Guatemala",2013,189
"1060","Guatemala",2012,189
"1061","Guatemala",2011,193
"1062","Guatemala",2010,196
"1063","Guatemala",2009,198
"1064","Guatemala",2008,19
"1065","Guatemala",2007,192
"1066","Guatemala",2006,24
"1067","Guatemala",2005,28
"1068","Guatemala",2004,21
"1069","Guatemala",2003,24
"1070","Guatemala",2002,21
"1071","Guatemala",2001,211
"1072","Guatemala",2000,221
"1073","Guinea",2015,284
"1074","Guinea",2014,299
"1075","Guinea",2013,284
"1076","Guinea",2012,288
"1077","Guinea",2011,29
"1078","Guinea",2010,291
"1079","Guinea",2009,297
"1080","Guinea",2008,33
"1081","Guinea",2007,36
"1082","Guinea",2006,317
"1083","Guinea",2005,327
"1084","Guinea",2004,334
"1085","Guinea",2003,338
"1086","Guinea",2002,337
"1087","Guinea",2001,336
"1088","Guinea",2000,328
"1089","Guinea-Bissau",2015,275
"1090","Guinea-Bissau",2014,282
"1091","Guinea-Bissau",2013,279
"1092","Guinea-Bissau",2012,285
"1093","Guinea-Bissau",2011,289
"1094","Guinea-Bissau",2010,287
"1095","Guinea-Bissau",2009,288
"1096","Guinea-Bissau",2008,297
"1097","Guinea-Bissau",2007,32
"1098","Guinea-Bissau",2006,36
"1099","Guinea-Bissau",2005,37
"1100","Guinea-Bissau",2004,38
"1101","Guinea-Bissau",2003,38
"1102","Guinea-Bissau",2002,35
"1103","Guinea-Bissau",2001,32
"1104","Guinea-Bissau",2000,3
"1105","Guyana",2015,215
"1106","Guyana",2014,217
"1107","Guyana",2013,218
"1108","Guyana",2012,22
"1109","Guyana",2011,229
"1110","Guyana",2010,221
"1111","Guyana",2009,218
"1112","Guyana",2008,218
"1113","Guyana",2007,232
"1114","Guyana",2006,24
"1115","Guyana",2005,238
"1116","Guyana",2004,237
"1117","Guyana",2003,237
"1118","Guyana",2002,244
"1119","Guyana",2001,247
"1120","Guyana",2000,246
"1121","Haiti",2015,24
"1122","Haiti",2014,245
"1123","Haiti",2013,253
"1124","Haiti",2012,259
"1125","Haiti",2011,259
"1126","Haiti",2010,682
"1127","Haiti",2009,251
"1128","Haiti",2008,259
"1129","Haiti",2007,266
"1130","Haiti",2006,28
"1131","Haiti",2005,29
"1132","Haiti",2004,32
"1133","Haiti",2003,3
"1134","Haiti",2002,33
"1135","Haiti",2001,35
"1136","Haiti",2000,35
"1137","Honduras",2015,147
"1138","Honduras",2014,149
"1139","Honduras",2013,15
"1140","Honduras",2012,151
"1141","Honduras",2011,153
"1142","Honduras",2010,156
"1143","Honduras",2009,157
"1144","Honduras",2008,159
"1145","Honduras",2007,16
"1146","Honduras",2006,161
"1147","Honduras",2005,163
"1148","Honduras",2004,165
"1149","Honduras",2003,166
"1150","Honduras",2002,169
"1151","Honduras",2001,171
"1152","Honduras",2000,174
"1153","Hungary",2015,134
"1154","Hungary",2014,137
"1155","Hungary",2013,139
"1156","Hungary",2012,146
"1157","Hungary",2011,15
"1158","Hungary",2010,156
"1159","Hungary",2009,162
"1160","Hungary",2008,165
"1161","Hungary",2007,176
"1162","Hungary",2006,177
"1163","Hungary",2005,182
"1164","Hungary",2004,18
"1165","Hungary",2003,184
"1166","Hungary",2002,184
"1167","Hungary",2001,185
"1168","Hungary",2000,193
"1169","Iceland",2015,49
"1170","Iceland",2014,49
"1171","Iceland",2013,5
"1172","Iceland",2012,5
"1173","Iceland",2011,51
"1174","Iceland",2010,53
"1175","Iceland",2009,55
"1176","Iceland",2008,58
"1177","Iceland",2007,59
"1178","Iceland",2006,61
"1179","Iceland",2005,62
"1180","Iceland",2004,65
"1181","Iceland",2003,65
"1182","Iceland",2002,7
"1183","Iceland",2001,72
"1184","Iceland",2000,74
"1185","India",2015,181
"1186","India",2014,184
"1187","India",2013,187
"1188","India",2012,19
"1189","India",2011,193
"1190","India",2010,196
"1191","India",2009,2
"1192","India",2008,23
"1193","India",2007,26
"1194","India",2006,28
"1195","India",2005,211
"1196","India",2004,214
"1197","India",2003,216
"1198","India",2002,219
"1199","India",2001,222
"1200","India",2000,224
"1201","Indonesia",2015,176
"1202","Indonesia",2014,179
"1203","Indonesia",2013,181
"1204","Indonesia",2012,183
"1205","Indonesia",2011,185
"1206","Indonesia",2010,187
"1207","Indonesia",2009,189
"1208","Indonesia",2008,189
"1209","Indonesia",2007,19
"1210","Indonesia",2006,191
"1211","Indonesia",2005,19
"1212","Indonesia",2004,213
"1213","Indonesia",2003,189
"1214","Indonesia",2002,189
"1215","Indonesia",2001,188
"1216","Indonesia",2000,188
"1217","Iran",2015,83
"1218","Iran",2014,83
"1219","Iran",2013,83
"1220","Iran",2012,85
"1221","Iran",2011,93
"1222","Iran",2010,16
"1223","Iran",2009,122
"1224","Iran",2008,135
"1225","Iran",2007,138
"1226","Iran",2006,139
"1227","Iran",2005,139
"1228","Iran",2004,139
"1229","Iran",2003,154
"1230","Iran",2002,142
"1231","Iran",2001,146
"1232","Iran",2000,15
"1233","Iraq",2015,182
"1234","Iraq",2014,199
"1235","Iraq",2013,17
"1236","Iraq",2012,147
"1237","Iraq",2011,144
"1238","Iraq",2010,145
"1239","Iraq",2009,148
"1240","Iraq",2008,167
"1241","Iraq",2007,227
"1242","Iraq",2006,249
"1243","Iraq",2005,29
"1244","Iraq",2004,21
"1245","Iraq",2003,213
"1246","Iraq",2002,14
"1247","Iraq",2001,142
"1248","Iraq",2000,144
"1249","Ireland",2015,64
"1250","Ireland",2014,66
"1251","Ireland",2013,67
"1252","Ireland",2012,69
"1253","Ireland",2011,7
"1254","Ireland",2010,68
"1255","Ireland",2009,77
"1256","Ireland",2008,75
"1257","Ireland",2007,75
"1258","Ireland",2006,78
"1259","Ireland",2005,78
"1260","Ireland",2004,82
"1261","Ireland",2003,82
"1262","Ireland",2002,88
"1263","Ireland",2001,89
"1264","Ireland",2000,94
"1265","Israel",2015,58
"1266","Israel",2014,6
"1267","Israel",2013,61
"1268","Israel",2012,6
"1269","Israel",2011,61
"1270","Israel",2010,61
"1271","Israel",2009,63
"1272","Israel",2008,65
"1273","Israel",2007,68
"1274","Israel",2006,68
"1275","Israel",2005,71
"1276","Israel",2004,69
"1277","Israel",2003,71
"1278","Israel",2002,74
"1279","Israel",2001,74
"1280","Israel",2000,76
"1281","Italy",2015,56
"1282","Italy",2014,57
"1283","Italy",2013,58
"1284","Italy",2012,6
"1285","Italy",2011,6
"1286","Italy",2010,6
"1287","Italy",2009,61
"1288","Italy",2008,61
"1289","Italy",2007,63
"1290","Italy",2006,65
"1291","Italy",2005,66
"1292","Italy",2004,66
"1293","Italy",2003,72
"1294","Italy",2002,72
"1295","Italy",2001,75
"1296","Italy",2000,77
"1297","Jamaica",2015,125
"1298","Jamaica",2014,133
"1299","Jamaica",2013,136
"1300","Jamaica",2012,138
"1301","Jamaica",2011,139
"1302","Jamaica",2010,138
"1303","Jamaica",2009,142
"1304","Jamaica",2008,145
"1305","Jamaica",2007,148
"1306","Jamaica",2006,15
"1307","Jamaica",2005,161
"1308","Jamaica",2004,165
"1309","Jamaica",2003,166
"1310","Jamaica",2002,167
"1311","Jamaica",2001,171
"1312","Jamaica",2000,171
"1313","Japan",2015,55
"1314","Japan",2014,57
"1315","Japan",2013,56
"1316","Japan",2012,58
"1317","Japan",2011,64
"1318","Japan",2010,62
"1319","Japan",2009,64
"1320","Japan",2008,66
"1321","Japan",2007,67
"1322","Japan",2006,68
"1323","Japan",2005,69
"1324","Japan",2004,68
"1325","Japan",2003,7
"1326","Japan",2002,7
"1327","Japan",2001,72
"1328","Japan",2000,74
"1329","Jordan",2015,112
"1330","Jordan",2014,113
"1331","Jordan",2013,114
"1332","Jordan",2012,115
"1333","Jordan",2011,116
"1334","Jordan",2010,117
"1335","Jordan",2009,118
"1336","Jordan",2008,119
"1337","Jordan",2007,12
"1338","Jordan",2006,121
"1339","Jordan",2005,127
"1340","Jordan",2004,125
"1341","Jordan",2003,127
"1342","Jordan",2002,129
"1343","Jordan",2001,131
"1344","Jordan",2000,133
"1345","Kazakhstan",2015,198
"1346","Kazakhstan",2014,22
"1347","Kazakhstan",2013,28
"1348","Kazakhstan",2012,214
"1349","Kazakhstan",2011,224
"1350","Kazakhstan",2010,236
"1351","Kazakhstan",2009,235
"1352","Kazakhstan",2008,258
"1353","Kazakhstan",2007,288
"1354","Kazakhstan",2006,295
"1355","Kazakhstan",2005,294
"1356","Kazakhstan",2004,287
"1357","Kazakhstan",2003,282
"1358","Kazakhstan",2002,276
"1359","Kazakhstan",2001,284
"1360","Kazakhstan",2000,292
"1361","Kenya",2015,249
"1362","Kenya",2014,255
"1363","Kenya",2013,258
"1364","Kenya",2012,263
"1365","Kenya",2011,278
"1366","Kenya",2010,294
"1367","Kenya",2009,317
"1368","Kenya",2008,339
"1369","Kenya",2007,356
"1370","Kenya",2006,388
"1371","Kenya",2005,412
"1372","Kenya",2004,432
"1373","Kenya",2003,437
"1374","Kenya",2002,437
"1375","Kenya",2001,434
"1376","Kenya",2000,428
"1377","Kiribati",2015,198
"1378","Kiribati",2014,2
"1379","Kiribati",2013,22
"1380","Kiribati",2012,24
"1381","Kiribati",2011,26
"1382","Kiribati",2010,27
"1383","Kiribati",2009,28
"1384","Kiribati",2008,21
"1385","Kiribati",2007,211
"1386","Kiribati",2006,212
"1387","Kiribati",2005,213
"1388","Kiribati",2004,214
"1389","Kiribati",2003,215
"1390","Kiribati",2002,217
"1391","Kiribati",2001,219
"1392","Kiribati",2000,222
"1393","Kuwait",2015,81
"1394","Kuwait",2014,82
"1395","Kuwait",2013,83
"1396","Kuwait",2012,84
"1397","Kuwait",2011,85
"1398","Kuwait",2010,86
"1399","Kuwait",2009,87
"1400","Kuwait",2008,88
"1401","Kuwait",2007,89
"1402","Kuwait",2006,89
"1403","Kuwait",2005,9
"1404","Kuwait",2004,91
"1405","Kuwait",2003,93
"1406","Kuwait",2002,94
"1407","Kuwait",2001,95
"1408","Kuwait",2000,96
"1409","Kyrgyzstan",2015,166
"1410","Kyrgyzstan",2014,17
"1411","Kyrgyzstan",2013,174
"1412","Kyrgyzstan",2012,18
"1413","Kyrgyzstan",2011,188
"1414","Kyrgyzstan",2010,199
"1415","Kyrgyzstan",2009,21
"1416","Kyrgyzstan",2008,217
"1417","Kyrgyzstan",2007,229
"1418","Kyrgyzstan",2006,234
"1419","Kyrgyzstan",2005,224
"1420","Kyrgyzstan",2004,218
"1421","Kyrgyzstan",2003,217
"1422","Kyrgyzstan",2002,215
"1423","Kyrgyzstan",2001,217
"1424","Kyrgyzstan",2000,225
"1425","Laos",2015,194
"1426","Laos",2014,199
"1427","Laos",2013,23
"1428","Laos",2012,28
"1429","Laos",2011,213
"1430","Laos",2010,218
"1431","Laos",2009,223
"1432","Laos",2008,228
"1433","Laos",2007,234
"1434","Laos",2006,24
"1435","Laos",2005,246
"1436","Laos",2004,252
"1437","Laos",2003,259
"1438","Laos",2002,265
"1439","Laos",2001,271
"1440","Laos",2000,278
"1441","Latvia",2015,153
"1442","Latvia",2014,156
"1443","Latvia",2013,161
"1444","Latvia",2012,163
"1445","Latvia",2011,169
"1446","Latvia",2010,18
"1447","Latvia",2009,184
"1448","Latvia",2008,199
"1449","Latvia",2007,221
"1450","Latvia",2006,229
"1451","Latvia",2005,216
"1452","Latvia",2004,26
"1453","Latvia",2003,29
"1454","Latvia",2002,219
"1455","Latvia",2001,228
"1456","Latvia",2000,218
"1457","Lebanon",2015,98
"1458","Lebanon",2014,99
"1459","Lebanon",2013,97
"1460","Lebanon",2012,93
"1461","Lebanon",2011,93
"1462","Lebanon",2010,94
"1463","Lebanon",2009,95
"1464","Lebanon",2008,98
"1465","Lebanon",2007,98
"1466","Lebanon",2006,1
"1467","Lebanon",2005,11
"1468","Lebanon",2004,13
"1469","Lebanon",2003,15
"1470","Lebanon",2002,17
"1471","Lebanon",2001,11
"1472","Lebanon",2000,112
"1473","Lesotho",2015,484
"1474","Lesotho",2014,522
"1475","Lesotho",2013,518
"1476","Lesotho",2012,513
"1477","Lesotho",2011,52
"1478","Lesotho",2010,527
"1479","Lesotho",2009,566
"1480","Lesotho",2008,592
"1481","Lesotho",2007,633
"1482","Lesotho",2006,654
"1483","Lesotho",2005,675
"1484","Lesotho",2004,666
"1485","Lesotho",2003,648
"1486","Lesotho",2002,622
"1487","Lesotho",2001,586
"1488","Lesotho",2000,543
"1489","Liberia",2015,259
"1490","Liberia",2014,329
"1491","Liberia",2013,258
"1492","Liberia",2012,261
"1493","Liberia",2011,266
"1494","Liberia",2010,272
"1495","Liberia",2009,277
"1496","Liberia",2008,281
"1497","Liberia",2007,286
"1498","Liberia",2006,32
"1499","Liberia",2005,316
"1500","Liberia",2004,329
"1501","Liberia",2003,42
"1502","Liberia",2002,371
"1503","Liberia",2001,333
"1504","Liberia",2000,39
"1505","Libya",2015,138
"1506","Libya",2014,143
"1507","Libya",2013,134
"1508","Libya",2012,133
"1509","Libya",2011,161
"1510","Libya",2010,132
"1511","Libya",2009,132
"1512","Libya",2008,132
"1513","Libya",2007,132
"1514","Libya",2006,134
"1515","Libya",2005,138
"1516","Libya",2004,141
"1517","Libya",2003,144
"1518","Libya",2002,146
"1519","Libya",2001,147
"1520","Libya",2000,148
"1521","Lithuania",2015,165
"1522","Lithuania",2014,169
"1523","Lithuania",2013,178
"1524","Lithuania",2012,176
"1525","Lithuania",2011,18
"1526","Lithuania",2010,188
"1527","Lithuania",2009,192
"1528","Lithuania",2008,224
"1529","Lithuania",2007,24
"1530","Lithuania",2006,229
"1531","Lithuania",2005,222
"1532","Lithuania",2004,24
"1533","Lithuania",2003,22
"1534","Lithuania",2002,22
"1535","Lithuania",2001,21
"1536","Lithuania",2000,2
"1537","Luxembourg",2015,63
"1538","Luxembourg",2014,65
"1539","Luxembourg",2013,68
"1540","Luxembourg",2012,7
"1541","Luxembourg",2011,72
"1542","Luxembourg",2010,73
"1543","Luxembourg",2009,76
"1544","Luxembourg",2008,8
"1545","Luxembourg",2007,82
"1546","Luxembourg",2006,85
"1547","Luxembourg",2005,9
"1548","Luxembourg",2004,92
"1549","Luxembourg",2003,92
"1550","Luxembourg",2002,95
"1551","Luxembourg",2001,96
"1552","Luxembourg",2000,98
"1553","Macedonia",2014,12
"1554","Macedonia",2013,14
"1555","Macedonia",2012,15
"1556","Macedonia",2011,17
"1557","Macedonia",2010,18
"1558","Macedonia",2009,111
"1559","Macedonia",2008,111
"1560","Macedonia",2007,12
"1561","Macedonia",2006,122
"1562","Macedonia",2005,12
"1563","Macedonia",2004,12
"1564","Macedonia",2003,126
"1565","Macedonia",2002,128
"1566","Macedonia",2001,126
"1567","Macedonia",2000,125
"1568","Madagascar",2015,22
"1569","Madagascar",2014,225
"1570","Madagascar",2013,23
"1571","Madagascar",2012,235
"1572","Madagascar",2011,241
"1573","Madagascar",2010,248
"1574","Madagascar",2009,254
"1575","Madagascar",2008,259
"1576","Madagascar",2007,261
"1577","Madagascar",2006,263
"1578","Madagascar",2005,265
"1579","Madagascar",2004,267
"1580","Madagascar",2003,268
"1581","Madagascar",2002,271
"1582","Madagascar",2001,276
"1583","Madagascar",2000,283
"1584","Malawi",2015,365
"1585","Malawi",2014,377
"1586","Malawi",2013,394
"1587","Malawi",2012,42
"1588","Malawi",2011,441
"1589","Malawi",2010,462
"1590","Malawi",2009,491
"1591","Malawi",2008,525
"1592","Malawi",2007,559
"1593","Malawi",2006,587
"1594","Malawi",2005,66
"1595","Malawi",2004,615
"1596","Malawi",2003,613
"1597","Malawi",2002,67
"1598","Malawi",2001,599
"1599","Malawi",2000,588
"1600","Malaysia",2015,123
"1601","Malaysia",2014,126
"1602","Malaysia",2013,128
"1603","Malaysia",2012,129
"1604","Malaysia",2011,13
"1605","Malaysia",2010,131
"1606","Malaysia",2009,131
"1607","Malaysia",2008,132
"1608","Malaysia",2007,133
"1609","Malaysia",2006,134
"1610","Malaysia",2005,135
"1611","Malaysia",2004,137
"1612","Malaysia",2003,138
"1613","Malaysia",2002,14
"1614","Malaysia",2001,144
"1615","Malaysia",2000,149
"1616","Maldives",2015,61
"1617","Maldives",2014,62
"1618","Maldives",2013,64
"1619","Maldives",2012,65
"1620","Maldives",2011,67
"1621","Maldives",2010,73
"1622","Maldives",2009,75
"1623","Maldives",2008,81
"1624","Maldives",2007,82
"1625","Maldives",2006,88
"1626","Maldives",2005,93
"1627","Maldives",2004,16
"1628","Maldives",2003,112
"1629","Maldives",2002,124
"1630","Maldives",2001,129
"1631","Maldives",2000,139
"1632","Mali",2015,266
"1633","Mali",2014,272
"1634","Mali",2013,275
"1635","Mali",2012,27
"1636","Mali",2011,271
"1637","Mali",2010,273
"1638","Mali",2009,276
"1639","Mali",2008,278
"1640","Mali",2007,282
"1641","Mali",2006,288
"1642","Mali",2005,29
"1643","Mali",2004,296
"1644","Mali",2003,299
"1645","Mali",2002,31
"1646","Mali",2001,34
"1647","Mali",2000,37
"1648","Malta",2015,54
"1649","Malta",2014,55
"1650","Malta",2013,57
"1651","Malta",2012,58
"1652","Malta",2011,59
"1653","Malta",2010,62
"1654","Malta",2009,63
"1655","Malta",2008,64
"1656","Malta",2007,65
"1657","Malta",2006,66
"1658","Malta",2005,67
"1659","Malta",2004,69
"1660","Malta",2003,71
"1661","Malta",2002,75
"1662","Malta",2001,79
"1663","Malta",2000,8
"1664","Mauritania",2015,25
"1665","Mauritania",2014,26
"1666","Mauritania",2013,28
"1667","Mauritania",2012,29
"1668","Mauritania",2011,212
"1669","Mauritania",2010,214
"1670","Mauritania",2009,215
"1671","Mauritania",2008,217
"1672","Mauritania",2007,219
"1673","Mauritania",2006,221
"1674","Mauritania",2005,223
"1675","Mauritania",2004,224
"1676","Mauritania",2003,226
"1677","Mauritania",2002,228
"1678","Mauritania",2001,229
"1679","Mauritania",2000,23
"1680","Mauritius",2015,146
"1681","Mauritius",2014,148
"1682","Mauritius",2013,147
"1683","Mauritius",2012,154
"1684","Mauritius",2011,158
"1685","Mauritius",2010,163
"1686","Mauritius",2009,166
"1687","Mauritius",2008,166
"1688","Mauritius",2007,161
"1689","Mauritius",2006,165
"1690","Mauritius",2005,168
"1691","Mauritius",2004,168
"1692","Mauritius",2003,174
"1693","Mauritius",2002,179
"1694","Mauritius",2001,177
"1695","Mauritius",2000,177
"1696","Mexico",2015,122
"1697","Mexico",2014,122
"1698","Mexico",2013,12
"1699","Mexico",2012,123
"1700","Mexico",2011,124
"1701","Mexico",2010,127
"1702","Mexico",2009,13
"1703","Mexico",2008,127
"1704","Mexico",2007,123
"1705","Mexico",2006,125
"1706","Mexico",2005,126
"1707","Mexico",2004,124
"1708","Mexico",2003,127
"1709","Mexico",2002,127
"1710","Mexico",2001,126
"1711","Mexico",2000,129
"1712","Moldova",2015,157
"1713","Moldova",2014,162
"1714","Moldova",2013,163
"1715","Moldova",2012,175
"1716","Moldova",2011,177
"1717","Moldova",2010,219
"1718","Moldova",2009,218
"1719","Moldova",2008,228
"1720","Moldova",2007,237
"1721","Moldova",2006,242
"1722","Moldova",2005,248
"1723","Moldova",2004,225
"1724","Moldova",2003,226
"1725","Moldova",2002,225
"1726","Moldova",2001,228
"1727","Moldova",2000,235
"1728","Mongolia",2015,222
"1729","Mongolia",2014,225
"1730","Mongolia",2013,227
"1731","Mongolia",2012,231
"1732","Mongolia",2011,235
"1733","Mongolia",2010,25
"1734","Mongolia",2009,235
"1735","Mongolia",2008,225
"1736","Mongolia",2007,26
"1737","Mongolia",2006,271
"1738","Mongolia",2005,274
"1739","Mongolia",2004,284
"1740","Mongolia",2003,271
"1741","Mongolia",2002,263
"1742","Mongolia",2001,266
"1743","Mongolia",2000,274
"1744","Montenegro",2015,16
"1745","Montenegro",2014,17
"1746","Montenegro",2013,19
"1747","Montenegro",2012,11
"1748","Montenegro",2011,113
"1749","Montenegro",2010,115
"1750","Montenegro",2009,117
"1751","Montenegro",2008,121
"1752","Montenegro",2007,125
"1753","Montenegro",2006,13
"1754","Montenegro",2005,133
"1755","Montenegro",2004,134
"1756","Montenegro",2003,134
"1757","Montenegro",2002,136
"1758","Montenegro",2001,136
"1759","Montenegro",2000,144
"1760","Morocco",2015,95
"1761","Morocco",2014,96
"1762","Morocco",2013,97
"1763","Morocco",2012,99
"1764","Morocco",2011,14
"1765","Morocco",2010,11
"1766","Morocco",2009,116
"1767","Morocco",2008,123
"1768","Morocco",2007,128
"1769","Morocco",2006,133
"1770","Morocco",2005,137
"1771","Morocco",2004,142
"1772","Morocco",2003,146
"1773","Morocco",2002,15
"1774","Morocco",2001,155
"1775","Morocco",2000,16
"1776","Mozambique",2015,355
"1777","Mozambique",2014,375
"1778","Mozambique",2013,46
"1779","Mozambique",2012,48
"1780","Mozambique",2011,47
"1781","Mozambique",2010,47
"1782","Mozambique",2009,4
"1783","Mozambique",2008,45
"1784","Mozambique",2007,425
"1785","Mozambique",2006,434
"1786","Mozambique",2005,434
"1787","Mozambique",2004,429
"1788","Mozambique",2003,424
"1789","Mozambique",2002,416
"1790","Mozambique",2001,48
"1791","Mozambique",2000,43
"1792","Myanmar",2015,199
"1793","Myanmar",2014,21
"1794","Myanmar",2013,22
"1795","Myanmar",2012,25
"1796","Myanmar",2011,27
"1797","Myanmar",2010,29
"1798","Myanmar",2009,211
"1799","Myanmar",2008,296
"1800","Myanmar",2007,217
"1801","Myanmar",2006,22
"1802","Myanmar",2005,224
"1803","Myanmar",2004,228
"1804","Myanmar",2003,231
"1805","Myanmar",2002,235
"1806","Myanmar",2001,239
"1807","Myanmar",2000,243
"1808","Namibia",2015,248
"1809","Namibia",2014,242
"1810","Namibia",2013,232
"1811","Namibia",2012,232
"1812","Namibia",2011,268
"1813","Namibia",2010,299
"1814","Namibia",2009,36
"1815","Namibia",2008,317
"1816","Namibia",2007,356
"1817","Namibia",2006,431
"1818","Namibia",2005,477
"1819","Namibia",2004,483
"1820","Namibia",2003,471
"1821","Namibia",2002,452
"1822","Namibia",2001,426
"1823","Namibia",2000,41
"1824","Nepal",2015,165
"1825","Nepal",2014,158
"1826","Nepal",2013,162
"1827","Nepal",2012,167
"1828","Nepal",2011,172
"1829","Nepal",2010,178
"1830","Nepal",2009,183
"1831","Nepal",2008,189
"1832","Nepal",2007,194
"1833","Nepal",2006,21
"1834","Nepal",2005,28
"1835","Nepal",2004,218
"1836","Nepal",2003,22
"1837","Nepal",2002,238
"1838","Nepal",2001,23
"1839","Nepal",2000,238
"1840","Netherlands",2015,57
"1841","Netherlands",2014,58
"1842","Netherlands",2013,6
"1843","Netherlands",2012,62
"1844","Netherlands",2011,63
"1845","Netherlands",2010,64
"1846","Netherlands",2009,65
"1847","Netherlands",2008,68
"1848","Netherlands",2007,68
"1849","Netherlands",2006,71
"1850","Netherlands",2005,72
"1851","Netherlands",2004,77
"1852","Netherlands",2003,8
"1853","Netherlands",2002,81
"1854","Netherlands",2001,82
"1855","Netherlands",2000,84
"1856","New Zealand",2015,66
"1857","New Zealand",2014,67
"1858","New Zealand",2013,69
"1859","New Zealand",2012,7
"1860","New Zealand",2011,72
"1861","New Zealand",2010,71
"1862","New Zealand",2009,73
"1863","New Zealand",2008,75
"1864","New Zealand",2007,76
"1865","New Zealand",2006,76
"1866","New Zealand",2005,78
"1867","New Zealand",2004,79
"1868","New Zealand",2003,82
"1869","New Zealand",2002,83
"1870","New Zealand",2001,83
"1871","New Zealand",2000,87
"1872","Nicaragua",2015,145
"1873","Nicaragua",2014,148
"1874","Nicaragua",2013,157
"1875","Nicaragua",2012,157
"1876","Nicaragua",2011,147
"1877","Nicaragua",2010,154
"1878","Nicaragua",2009,163
"1879","Nicaragua",2008,169
"1880","Nicaragua",2007,173
"1881","Nicaragua",2006,17
"1882","Nicaragua",2005,194
"1883","Nicaragua",2004,194
"1884","Nicaragua",2003,198
"1885","Nicaragua",2002,197
"1886","Nicaragua",2001,193
"1887","Nicaragua",2000,192
"1888","Niger",2015,22
"1889","Niger",2014,223
"1890","Niger",2013,227
"1891","Niger",2012,232
"1892","Niger",2011,241
"1893","Niger",2010,252
"1894","Niger",2009,263
"1895","Niger",2008,272
"1896","Niger",2007,276
"1897","Niger",2006,277
"1898","Niger",2005,278
"1899","Niger",2004,279
"1900","Niger",2003,28
"1901","Niger",2002,282
"1902","Niger",2001,283
"1903","Niger",2000,284
"1904","Nigeria",2015,344
"1905","Nigeria",2014,362
"1906","Nigeria",2013,367
"1907","Nigeria",2012,374
"1908","Nigeria",2011,375
"1909","Nigeria",2010,374
"1910","Nigeria",2009,376
"1911","Nigeria",2008,386
"1912","Nigeria",2007,388
"1913","Nigeria",2006,396
"1914","Nigeria",2005,4
"1915","Nigeria",2004,47
"1916","Nigeria",2003,41
"1917","Nigeria",2002,49
"1918","Nigeria",2001,48
"1919","Nigeria",2000,45
"1920","North Korea",2015,139
"1921","North Korea",2014,142
"1922","North Korea",2013,146
"1923","North Korea",2012,149
"1924","North Korea",2011,153
"1925","North Korea",2010,157
"1926","North Korea",2009,161
"1927","North Korea",2008,164
"1928","North Korea",2007,166
"1929","North Korea",2006,165
"1930","North Korea",2005,165
"1931","North Korea",2004,165
"1932","North Korea",2003,165
"1933","North Korea",2002,167
"1934","North Korea",2001,177
"1935","North Korea",2000,192
"1936","North Macedonia",2015,12
"1937","Norway",2015,59
"1938","Norway",2014,61
"1939","Norway",2013,62
"1940","Norway",2012,61
"1941","Norway",2011,67
"1942","Norway",2010,66
"1943","Norway",2009,67
"1944","Norway",2008,67
"1945","Norway",2007,67
"1946","Norway",2006,7
"1947","Norway",2005,73
"1948","Norway",2004,77
"1949","Norway",2003,78
"1950","Norway",2002,81
"1951","Norway",2001,82
"1952","Norway",2000,85
"1953","Oman",2015,99
"1954","Oman",2014,11
"1955","Oman",2013,12
"1956","Oman",2012,14
"1957","Oman",2011,15
"1958","Oman",2010,16
"1959","Oman",2009,18
"1960","Oman",2008,19
"1961","Oman",2007,113
"1962","Oman",2006,115
"1963","Oman",2005,118
"1964","Oman",2004,122
"1965","Oman",2003,127
"1966","Oman",2002,13
"1967","Oman",2001,134
"1968","Oman",2000,138
"1969","Pakistan",2015,161
"1970","Pakistan",2014,162
"1971","Pakistan",2013,163
"1972","Pakistan",2012,165
"1973","Pakistan",2011,167
"1974","Pakistan",2010,172
"1975","Pakistan",2009,175
"1976","Pakistan",2008,177
"1977","Pakistan",2007,178
"1978","Pakistan",2006,179
"1979","Pakistan",2005,2
"1980","Pakistan",2004,183
"1981","Pakistan",2003,185
"1982","Pakistan",2002,187
"1983","Pakistan",2001,189
"1984","Pakistan",2000,19
"1985","Panama",2015,118
"1986","Panama",2014,119
"1987","Panama",2013,118
"1988","Panama",2012,12
"1989","Panama",2011,121
"1990","Panama",2010,122
"1991","Panama",2009,127
"1992","Panama",2008,127
"1993","Panama",2007,124
"1994","Panama",2006,125
"1995","Panama",2005,122
"1996","Panama",2004,123
"1997","Panama",2003,126
"1998","Panama",2002,125
"1999","Panama",2001,124
"2000","Panama",2000,121
"2001","Papua New Guinea",2015,275
"2002","Papua New Guinea",2014,278
"2003","Papua New Guinea",2013,281
"2004","Papua New Guinea",2012,284
"2005","Papua New Guinea",2011,285
"2006","Papua New Guinea",2010,286
"2007","Papua New Guinea",2009,288
"2008","Papua New Guinea",2008,29
"2009","Papua New Guinea",2007,295
"2010","Papua New Guinea",2006,299
"2011","Papua New Guinea",2005,37
"2012","Papua New Guinea",2004,314
"2013","Papua New Guinea",2003,321
"2014","Papua New Guinea",2002,327
"2015","Papua New Guinea",2001,331
"2016","Papua New Guinea",2000,335
"2017","Paraguay",2015,146
"2018","Paraguay",2014,147
"2019","Paraguay",2013,148
"2020","Paraguay",2012,148
"2021","Paraguay",2011,15
"2022","Paraguay",2010,152
"2023","Paraguay",2009,155
"2024","Paraguay",2008,157
"2025","Paraguay",2007,159
"2026","Paraguay",2006,161
"2027","Paraguay",2005,163
"2028","Paraguay",2004,165
"2029","Paraguay",2003,166
"2030","Paraguay",2002,168
"2031","Paraguay",2001,17
"2032","Paraguay",2000,172
"2033","Peru",2015,123
"2034","Peru",2014,125
"2035","Peru",2013,125
"2036","Peru",2012,129
"2037","Peru",2011,133
"2038","Peru",2010,14
"2039","Peru",2009,14
"2040","Peru",2008,138
"2041","Peru",2007,133
"2042","Peru",2006,134
"2043","Peru",2005,148
"2044","Peru",2004,151
"2045","Peru",2003,152
"2046","Peru",2002,144
"2047","Peru",2001,142
"2048","Peru",2000,154
"2049","Philippines",2015,211
"2050","Philippines",2014,214
"2051","Philippines",2013,219
"2052","Philippines",2012,217
"2053","Philippines",2011,218
"2054","Philippines",2010,218
"2055","Philippines",2009,219
"2056","Philippines",2008,217
"2057","Philippines",2007,216
"2058","Philippines",2006,219
"2059","Philippines",2005,223
"2060","Philippines",2004,218
"2061","Philippines",2003,217
"2062","Philippines",2002,221
"2063","Philippines",2001,221
"2064","Philippines",2000,219
"2065","Poland",2015,117
"2066","Poland",2014,12
"2067","Poland",2013,12
"2068","Poland",2012,125
"2069","Poland",2011,128
"2070","Poland",2010,13
"2071","Poland",2009,136
"2072","Poland",2008,14
"2073","Poland",2007,144
"2074","Poland",2006,144
"2075","Poland",2005,144
"2076","Poland",2004,143
"2077","Poland",2003,142
"2078","Poland",2002,145
"2079","Poland",2001,149
"2080","Poland",2000,153
"2081","Portugal",2015,76
"2082","Portugal",2014,78
"2083","Portugal",2013,79
"2084","Portugal",2012,81
"2085","Portugal",2011,85
"2086","Portugal",2010,88
"2087","Portugal",2009,9
"2088","Portugal",2008,92
"2089","Portugal",2007,94
"2090","Portugal",2006,96
"2091","Portugal",2005,11
"2092","Portugal",2004,99
"2093","Portugal",2003,15
"2094","Portugal",2002,17
"2095","Portugal",2001,11
"2096","Portugal",2000,11
"2097","Qatar",2015,68
"2098","Qatar",2014,69
"2099","Qatar",2013,7
"2100","Qatar",2012,72
"2101","Qatar",2011,74
"2102","Qatar",2010,76
"2103","Qatar",2009,79
"2104","Qatar",2008,82
"2105","Qatar",2007,83
"2106","Qatar",2006,83
"2107","Qatar",2005,84
"2108","Qatar",2004,84
"2109","Qatar",2003,85
"2110","Qatar",2002,85
"2111","Qatar",2001,87
"2112","Qatar",2000,88
"2113","Romania",2015,133
"2114","Romania",2014,135
"2115","Romania",2013,138
"2116","Romania",2012,138
"2117","Romania",2011,139
"2118","Romania",2010,153
"2119","Romania",2009,158
"2120","Romania",2008,159
"2121","Romania",2007,154
"2122","Romania",2006,157
"2123","Romania",2005,162
"2124","Romania",2004,165
"2125","Romania",2003,174
"2126","Romania",2002,178
"2127","Romania",2001,179
"2128","Romania",2000,175
"2129","Russia",2015,222
"2130","Russia",2014,225
"2131","Russia",2013,229
"2132","Russia",2012,237
"2133","Russia",2011,242
"2134","Russia",2010,256
"2135","Russia",2009,261
"2136","Russia",2008,278
"2137","Russia",2007,282
"2138","Russia",2006,3
"2139","Russia",2005,327
"2140","Russia",2004,321
"2141","Russia",2003,322
"2142","Russia",2002,313
"2143","Russia",2001,38
"2144","Russia",2000,37
"2145","Rwanda",2015,227
"2146","Rwanda",2014,23
"2147","Rwanda",2013,233
"2148","Rwanda",2012,239
"2149","Rwanda",2011,247
"2150","Rwanda",2010,26
"2151","Rwanda",2009,288
"2152","Rwanda",2008,282
"2153","Rwanda",2007,295
"2154","Rwanda",2006,328
"2155","Rwanda",2005,37
"2156","Rwanda",2004,397
"2157","Rwanda",2003,48
"2158","Rwanda",2002,415
"2159","Rwanda",2001,438
"2160","Rwanda",2000,426
"2161","S. Sudan",2015,332
"2162","S. Sudan",2014,343
"2163","S. Sudan",2013,345
"2164","S. Sudan",2012,347
"2165","S. Sudan",2011,355
"2166","S. Sudan",2010,359
"2167","S. Sudan",2009,369
"2168","S. Sudan",2008,377
"2169","S. Sudan",2007,381
"2170","S. Sudan",2006,383
"2171","S. Sudan",2005,383
"2172","S. Sudan",2004,383
"2173","S. Sudan",2003,383
"2174","S. Sudan",2002,382
"2175","S. Sudan",2001,381
"2176","S. Sudan",2000,38
"2177","Saint Lucia",2015,138
"2178","Saint Lucia",2014,139
"2179","Saint Lucia",2013,141
"2180","Saint Lucia",2012,142
"2181","Saint Lucia",2011,143
"2182","Saint Lucia",2010,147
"2183","Saint Lucia",2009,147
"2184","Saint Lucia",2008,149
"2185","Saint Lucia",2007,151
"2186","Saint Lucia",2006,155
"2187","Saint Lucia",2005,16
"2188","Saint Lucia",2004,166
"2189","Saint Lucia",2003,171
"2190","Saint Lucia",2002,174
"2191","Saint Lucia",2001,178
"2192","Saint Lucia",2000,183
"2193","Saint Vincent and the Grenadines",2015,156
"2194","Saint Vincent and the Grenadines",2014,157
"2195","Saint Vincent and the Grenadines",2013,161
"2196","Saint Vincent and the Grenadines",2012,159
"2197","Saint Vincent and the Grenadines",2011,16
"2198","Saint Vincent and the Grenadines",2010,162
"2199","Saint Vincent and the Grenadines",2009,165
"2200","Saint Vincent and the Grenadines",2008,167
"2201","Saint Vincent and the Grenadines",2007,17
"2202","Saint Vincent and the Grenadines",2006,173
"2203","Saint Vincent and the Grenadines",2005,177
"2204","Saint Vincent and the Grenadines",2004,181
"2205","Saint Vincent and the Grenadines",2003,184
"2206","Saint Vincent and the Grenadines",2002,186
"2207","Saint Vincent and the Grenadines",2001,186
"2208","Saint Vincent and the Grenadines",2000,186
"2209","Samoa",2015,125
"2210","Samoa",2014,128
"2211","Samoa",2013,131
"2212","Samoa",2012,136
"2213","Samoa",2011,139
"2214","Samoa",2010,144
"2215","Samoa",2009,172
"2216","Samoa",2008,146
"2217","Samoa",2007,149
"2218","Samoa",2006,153
"2219","Samoa",2005,16
"2220","Samoa",2004,162
"2221","Samoa",2003,169
"2222","Samoa",2002,174
"2223","Samoa",2001,175
"2224","Samoa",2000,18
"2225","Sao Tome and Principe",2015,19
"2226","Sao Tome and Principe",2014,191
"2227","Sao Tome and Principe",2013,192
"2228","Sao Tome and Principe",2012,194
"2229","Sao Tome and Principe",2011,198
"2230","Sao Tome and Principe",2010,24
"2231","Sao Tome and Principe",2009,21
"2232","Sao Tome and Principe",2008,215
"2233","Sao Tome and Principe",2007,217
"2234","Sao Tome and Principe",2006,22
"2235","Sao Tome and Principe",2005,222
"2236","Sao Tome and Principe",2004,224
"2237","Sao Tome and Principe",2003,225
"2238","Sao Tome and Principe",2002,226
"2239","Sao Tome and Principe",2001,225
"2240","Sao Tome and Principe",2000,224
"2241","Saudi Arabia",2015,88
"2242","Saudi Arabia",2014,88
"2243","Saudi Arabia",2013,89
"2244","Saudi Arabia",2012,9
"2245","Saudi Arabia",2011,92
"2246","Saudi Arabia",2010,94
"2247","Saudi Arabia",2009,97
"2248","Saudi Arabia",2008,98
"2249","Saudi Arabia",2007,99
"2250","Saudi Arabia",2006,1
"2251","Saudi Arabia",2005,11
"2252","Saudi Arabia",2004,12
"2253","Saudi Arabia",2003,13
"2254","Saudi Arabia",2002,15
"2255","Saudi Arabia",2001,17
"2256","Saudi Arabia",2000,11
"2257","Senegal",2015,188
"2258","Senegal",2014,192
"2259","Senegal",2013,196
"2260","Senegal",2012,2
"2261","Senegal",2011,26
"2262","Senegal",2010,212
"2263","Senegal",2009,219
"2264","Senegal",2008,225
"2265","Senegal",2007,23
"2266","Senegal",2006,236
"2267","Senegal",2005,242
"2268","Senegal",2004,247
"2269","Senegal",2003,251
"2270","Senegal",2002,252
"2271","Senegal",2001,251
"2272","Senegal",2000,25
"2273","Serbia",2015,121
"2274","Serbia",2014,123
"2275","Serbia",2013,122
"2276","Serbia",2012,126
"2277","Serbia",2011,127
"2278","Serbia",2010,128
"2279","Serbia",2009,131
"2280","Serbia",2008,132
"2281","Serbia",2007,132
"2282","Serbia",2006,133
"2283","Serbia",2005,135
"2284","Serbia",2004,134
"2285","Serbia",2003,134
"2286","Serbia",2002,133
"2287","Serbia",2001,135
"2288","Serbia",2000,141
"2289","Seychelles",2015,168
"2290","Seychelles",2014,17
"2291","Seychelles",2013,172
"2292","Seychelles",2012,174
"2293","Seychelles",2011,177
"2294","Seychelles",2010,18
"2295","Seychelles",2009,182
"2296","Seychelles",2008,184
"2297","Seychelles",2007,185
"2298","Seychelles",2006,185
"2299","Seychelles",2005,185
"2300","Seychelles",2004,186
"2301","Seychelles",2003,185
"2302","Seychelles",2002,186
"2303","Seychelles",2001,187
"2304","Seychelles",2000,188
"2305","Sierra Leone",2015,413
"2306","Sierra Leone",2014,463
"2307","Sierra Leone",2013,47
"2308","Sierra Leone",2012,411
"2309","Sierra Leone",2011,418
"2310","Sierra Leone",2010,424
"2311","Sierra Leone",2009,433
"2312","Sierra Leone",2008,441
"2313","Sierra Leone",2007,45
"2314","Sierra Leone",2006,464
"2315","Sierra Leone",2005,48
"2316","Sierra Leone",2004,496
"2317","Sierra Leone",2003,57
"2318","Sierra Leone",2002,513
"2319","Sierra Leone",2001,519
"2320","Sierra Leone",2000,533
"2321","Singapore",2015,55
"2322","Singapore",2014,56
"2323","Singapore",2013,57
"2324","Singapore",2012,59
"2325","Singapore",2011,6
"2326","Singapore",2010,61
"2327","Singapore",2009,62
"2328","Singapore",2008,64
"2329","Singapore",2007,65
"2330","Singapore",2006,66
"2331","Singapore",2005,69
"2332","Singapore",2004,71
"2333","Singapore",2003,73
"2334","Singapore",2002,74
"2335","Singapore",2001,76
"2336","Singapore",2000,78
"2337","Slovakia",2015,19
"2338","Slovakia",2014,113
"2339","Slovakia",2013,114
"2340","Slovakia",2012,118
"2341","Slovakia",2011,122
"2342","Slovakia",2010,124
"2343","Slovakia",2009,131
"2344","Slovakia",2008,136
"2345","Slovakia",2007,14
"2346","Slovakia",2006,138
"2347","Slovakia",2005,141
"2348","Slovakia",2004,138
"2349","Slovakia",2003,144
"2350","Slovakia",2002,145
"2351","Slovakia",2001,145
"2352","Slovakia",2000,147
"2353","Slovenia",2015,74
"2354","Slovenia",2014,76
"2355","Slovenia",2013,78
"2356","Slovenia",2012,81
"2357","Slovenia",2011,84
"2358","Slovenia",2010,87
"2359","Slovenia",2009,9
"2360","Slovenia",2008,96
"2361","Slovenia",2007,12
"2362","Slovenia",2006,17
"2363","Slovenia",2005,14
"2364","Slovenia",2004,113
"2365","Slovenia",2003,119
"2366","Slovenia",2002,117
"2367","Slovenia",2001,124
"2368","Slovenia",2000,122
"2369","Solomon Is.",2015,177
"2370","Solomon Is.",2014,183
"2371","Solomon Is.",2013,182
"2372","Solomon Is.",2012,184
"2373","Solomon Is.",2011,186
"2374","Solomon Is.",2010,188
"2375","Solomon Is.",2009,192
"2376","Solomon Is.",2008,193
"2377","Solomon Is.",2007,2
"2378","Solomon Is.",2006,2
"2379","Solomon Is.",2005,24
"2380","Solomon Is.",2004,29
"2381","Solomon Is.",2003,215
"2382","Solomon Is.",2002,22
"2383","Solomon Is.",2001,227
"2384","Solomon Is.",2000,235
"2385","Somalia",2015,312
"2386","Somalia",2014,321
"2387","Somalia",2013,318
"2388","Somalia",2012,336
"2389","Somalia",2011,329
"2390","Somalia",2010,336
"2391","Somalia",2009,335
"2392","Somalia",2008,336
"2393","Somalia",2007,34
"2394","Somalia",2006,337
"2395","Somalia",2005,334
"2396","Somalia",2004,341
"2397","Somalia",2003,344
"2398","Somalia",2002,348
"2399","Somalia",2001,352
"2400","Somalia",2000,355
"2401","South Africa",2015,328
"2402","South Africa",2014,347
"2403","South Africa",2013,371
"2404","South Africa",2012,48
"2405","South Africa",2011,413
"2406","South Africa",2010,428
"2407","South Africa",2009,449
"2408","South Africa",2008,473
"2409","South Africa",2007,486
"2410","South Africa",2006,496
"2411","South Africa",2005,498
"2412","South Africa",2004,497
"2413","South Africa",2003,485
"2414","South Africa",2002,459
"2415","South Africa",2001,429
"2416","South Africa",2000,397
"2417","South Korea",2015,64
"2418","South Korea",2014,66
"2419","South Korea",2013,68
"2420","South Korea",2012,69
"2421","South Korea",2011,72
"2422","South Korea",2010,74
"2423","South Korea",2009,75
"2424","South Korea",2008,75
"2425","South Korea",2007,77
"2426","South Korea",2006,79
"2427","South Korea",2005,84
"2428","South Korea",2004,89
"2429","South Korea",2003,95
"2430","South Korea",2002,99
"2431","South Korea",2001,17
"2432","South Korea",2000,116
"2433","Spain",2015,56
"2434","Spain",2014,58
"2435","Spain",2013,6
"2436","Spain",2012,61
"2437","Spain",2011,63
"2438","Spain",2010,64
"2439","Spain",2009,66
"2440","Spain",2008,7
"2441","Spain",2007,72
"2442","Spain",2006,73
"2443","Spain",2005,77
"2444","Spain",2004,79
"2445","Spain",2003,83
"2446","Spain",2002,83
"2447","Spain",2001,84
"2448","Spain",2000,86
"2449","Sri Lanka",2015,138
"2450","Sri Lanka",2014,141
"2451","Sri Lanka",2013,142
"2452","Sri Lanka",2012,143
"2453","Sri Lanka",2011,141
"2454","Sri Lanka",2010,138
"2455","Sri Lanka",2009,183
"2456","Sri Lanka",2008,172
"2457","Sri Lanka",2007,146
"2458","Sri Lanka",2006,145
"2459","Sri Lanka",2005,138
"2460","Sri Lanka",2004,197
"2461","Sri Lanka",2003,146
"2462","Sri Lanka",2002,149
"2463","Sri Lanka",2001,16
"2464","Sri Lanka",2000,175
"2465","Sudan",2015,225
"2466","Sudan",2014,229
"2467","Sudan",2013,232
"2468","Sudan",2012,235
"2469","Sudan",2011,241
"2470","Sudan",2010,243
"2471","Sudan",2009,248
"2472","Sudan",2008,251
"2473","Sudan",2007,254
"2474","Sudan",2006,26
"2475","Sudan",2005,261
"2476","Sudan",2004,278
"2477","Sudan",2003,278
"2478","Sudan",2002,277
"2479","Sudan",2001,283
"2480","Sudan",2000,284
"2481","Suriname",2015,176
"2482","Suriname",2014,178
"2483","Suriname",2013,179
"2484","Suriname",2012,178
"2485","Suriname",2011,187
"2486","Suriname",2010,19
"2487","Suriname",2009,196
"2488","Suriname",2008,196
"2489","Suriname",2007,22
"2490","Suriname",2006,199
"2491","Suriname",2005,25
"2492","Suriname",2004,214
"2493","Suriname",2003,223
"2494","Suriname",2002,221
"2495","Suriname",2001,219
"2496","Suriname",2000,224
"2497","Sweden",2015,53
"2498","Sweden",2014,54
"2499","Sweden",2013,57
"2500","Sweden",2012,57
"2501","Sweden",2011,58
"2502","Sweden",2010,58
"2503","Sweden",2009,62
"2504","Sweden",2008,62
"2505","Sweden",2007,63
"2506","Sweden",2006,64
"2507","Sweden",2005,66
"2508","Sweden",2004,7
"2509","Sweden",2003,69
"2510","Sweden",2002,71
"2511","Sweden",2001,73
"2512","Sweden",2000,73
"2513","Switzerland",2015,49
"2514","Switzerland",2014,51
"2515","Switzerland",2013,52
"2516","Switzerland",2012,54
"2517","Switzerland",2011,55
"2518","Switzerland",2010,57
"2519","Switzerland",2009,6
"2520","Switzerland",2008,6
"2521","Switzerland",2007,63
"2522","Switzerland",2006,65
"2523","Switzerland",2005,66
"2524","Switzerland",2004,69
"2525","Switzerland",2003,72
"2526","Switzerland",2002,74
"2527","Switzerland",2001,75
"2528","Switzerland",2000,78
"2529","Syria",2015,293
"2530","Syria",2014,294
"2531","Syria",2013,37
"2532","Syria",2012,32
"2533","Syria",2011,163
"2534","Syria",2010,127
"2535","Syria",2009,124
"2536","Syria",2008,122
"2537","Syria",2007,121
"2538","Syria",2006,123
"2539","Syria",2005,127
"2540","Syria",2004,131
"2541","Syria",2003,134
"2542","Syria",2002,135
"2543","Syria",2001,135
"2544","Syria",2000,136
"2545","Tajikistan",2015,161
"2546","Tajikistan",2014,162
"2547","Tajikistan",2013,163
"2548","Tajikistan",2012,164
"2549","Tajikistan",2011,166
"2550","Tajikistan",2010,171
"2551","Tajikistan",2009,174
"2552","Tajikistan",2008,178
"2553","Tajikistan",2007,181
"2554","Tajikistan",2006,183
"2555","Tajikistan",2005,194
"2556","Tajikistan",2004,177
"2557","Tajikistan",2003,182
"2558","Tajikistan",2002,193
"2559","Tajikistan",2001,194
"2560","Tajikistan",2000,198
"2561","Tanzania",2015,279
"2562","Tanzania",2014,34
"2563","Tanzania",2013,323
"2564","Tanzania",2012,348
"2565","Tanzania",2011,348
"2566","Tanzania",2010,36
"2567","Tanzania",2009,368
"2568","Tanzania",2008,376
"2569","Tanzania",2007,411
"2570","Tanzania",2006,437
"2571","Tanzania",2005,449
"2572","Tanzania",2004,454
"2573","Tanzania",2003,459
"2574","Tanzania",2002,46
"2575","Tanzania",2001,46
"2576","Tanzania",2000,457
"2577","Thailand",2015,148
"2578","Thailand",2014,152
"2579","Thailand",2013,153
"2580","Thailand",2012,154
"2581","Thailand",2011,155
"2582","Thailand",2010,158
"2583","Thailand",2009,16
"2584","Thailand",2008,162
"2585","Thailand",2007,165
"2586","Thailand",2006,168
"2587","Thailand",2005,177
"2588","Thailand",2004,189
"2589","Thailand",2003,189
"2590","Thailand",2002,192
"2591","Thailand",2001,194
"2592","Thailand",2000,194
"2593","The Bahamas",2015,147
"2594","The Bahamas",2014,16
"2595","The Bahamas",2013,172
"2596","The Bahamas",2012,167
"2597","The Bahamas",2011,162
"2598","The Bahamas",2010,161
"2599","The Bahamas",2009,168
"2600","The Bahamas",2008,167
"2601","The Bahamas",2007,167
"2602","The Bahamas",2006,171
"2603","The Bahamas",2005,172
"2604","The Bahamas",2004,174
"2605","The Bahamas",2003,189
"2606","The Bahamas",2002,19
"2607","The Bahamas",2001,189
"2608","The Bahamas",2000,192
"2609","Timor-Leste",2015,152
"2610","Timor-Leste",2014,155
"2611","Timor-Leste",2013,158
"2612","Timor-Leste",2012,159
"2613","Timor-Leste",2011,161
"2614","Timor-Leste",2010,163
"2615","Timor-Leste",2009,165
"2616","Timor-Leste",2008,168
"2617","Timor-Leste",2007,173
"2618","Timor-Leste",2006,186
"2619","Timor-Leste",2005,26
"2620","Timor-Leste",2004,229
"2621","Timor-Leste",2003,25
"2622","Timor-Leste",2002,261
"2623","Timor-Leste",2001,269
"2624","Timor-Leste",2000,276
"2625","Togo",2015,287
"2626","Togo",2014,285
"2627","Togo",2013,287
"2628","Togo",2012,294
"2629","Togo",2011,34
"2630","Togo",2010,323
"2631","Togo",2009,336
"2632","Togo",2008,344
"2633","Togo",2007,344
"2634","Togo",2006,345
"2635","Togo",2005,357
"2636","Togo",2004,355
"2637","Togo",2003,355
"2638","Togo",2002,351
"2639","Togo",2001,345
"2640","Togo",2000,339
"2641","Tonga",2015,133
"2642","Tonga",2014,135
"2643","Tonga",2013,137
"2644","Tonga",2012,138
"2645","Tonga",2011,14
"2646","Tonga",2010,142
"2647","Tonga",2009,147
"2648","Tonga",2008,145
"2649","Tonga",2007,146
"2650","Tonga",2006,148
"2651","Tonga",2005,15
"2652","Tonga",2004,151
"2653","Tonga",2003,153
"2654","Tonga",2002,155
"2655","Tonga",2001,157
"2656","Tonga",2000,158
"2657","Trinidad and Tobago",2015,17
"2658","Trinidad and Tobago",2014,171
"2659","Trinidad and Tobago",2013,172
"2660","Trinidad and Tobago",2012,174
"2661","Trinidad and Tobago",2011,176
"2662","Trinidad and Tobago",2010,179
"2663","Trinidad and Tobago",2009,183
"2664","Trinidad and Tobago",2008,185
"2665","Trinidad and Tobago",2007,187
"2666","Trinidad and Tobago",2006,188
"2667","Trinidad and Tobago",2005,189
"2668","Trinidad and Tobago",2004,19
"2669","Trinidad and Tobago",2003,191
"2670","Trinidad and Tobago",2002,192
"2671","Trinidad and Tobago",2001,194
"2672","Trinidad and Tobago",2000,197
"2673","Tunisia",2015,1
"2674","Tunisia",2014,12
"2675","Tunisia",2013,13
"2676","Tunisia",2012,13
"2677","Tunisia",2011,13
"2678","Tunisia",2010,12
"2679","Tunisia",2009,12
"2680","Tunisia",2008,12
"2681","Tunisia",2007,12
"2682","Tunisia",2006,12
"2683","Tunisia",2005,14
"2684","Tunisia",2004,15
"2685","Tunisia",2003,17
"2686","Tunisia",2002,19
"2687","Tunisia",2001,11
"2688","Tunisia",2000,112
"2689","Turkey",2015,16
"2690","Turkey",2014,17
"2691","Turkey",2013,19
"2692","Turkey",2012,112
"2693","Turkey",2011,114
"2694","Turkey",2010,116
"2695","Turkey",2009,118
"2696","Turkey",2008,121
"2697","Turkey",2007,124
"2698","Turkey",2006,126
"2699","Turkey",2005,129
"2700","Turkey",2004,132
"2701","Turkey",2003,135
"2702","Turkey",2002,138
"2703","Turkey",2001,14
"2704","Turkey",2000,143
"2705","Turkmenistan",2015,215
"2706","Turkmenistan",2014,217
"2707","Turkmenistan",2013,228
"2708","Turkmenistan",2012,22
"2709","Turkmenistan",2011,217
"2710","Turkmenistan",2010,211
"2711","Turkmenistan",2009,215
"2712","Turkmenistan",2008,235
"2713","Turkmenistan",2007,241
"2714","Turkmenistan",2006,245
"2715","Turkmenistan",2005,248
"2716","Turkmenistan",2004,238
"2717","Turkmenistan",2003,231
"2718","Turkmenistan",2002,229
"2719","Turkmenistan",2001,221
"2720","Turkmenistan",2000,224
"2721","Uganda",2015,291
"2722","Uganda",2014,38
"2723","Uganda",2013,325
"2724","Uganda",2012,339
"2725","Uganda",2011,347
"2726","Uganda",2010,362
"2727","Uganda",2009,378
"2728","Uganda",2008,41
"2729","Uganda",2007,41
"2730","Uganda",2006,41
"2731","Uganda",2005,446
"2732","Uganda",2004,485
"2733","Uganda",2003,53
"2734","Uganda",2002,523
"2735","Uganda",2001,539
"2736","Uganda",2000,554
"2737","Ukraine",2015,195
"2738","Ukraine",2014,23
"2739","Ukraine",2013,198
"2740","Ukraine",2012,25
"2741","Ukraine",2011,24
"2742","Ukraine",2010,212
"2743","Ukraine",2009,231
"2744","Ukraine",2008,273
"2745","Ukraine",2007,277
"2746","Ukraine",2006,267
"2747","Ukraine",2005,278
"2748","Ukraine",2004,267
"2749","Ukraine",2003,256
"2750","Ukraine",2002,256
"2751","Ukraine",2001,253
"2752","Ukraine",2000,257
"2753","United Arab Emirates",2015,75
"2754","United Arab Emirates",2014,77
"2755","United Arab Emirates",2013,78
"2756","United Arab Emirates",2012,8
"2757","United Arab Emirates",2011,81
"2758","United Arab Emirates",2010,82
"2759","United Arab Emirates",2009,84
"2760","United Arab Emirates",2008,85
"2761","United Arab Emirates",2007,87
"2762","United Arab Emirates",2006,89
"2763","United Arab Emirates",2005,92
"2764","United Arab Emirates",2004,95
"2765","United Arab Emirates",2003,98
"2766","United Arab Emirates",2002,11
"2767","United Arab Emirates",2001,14
"2768","United Arab Emirates",2000,17
"2769","United Kingdom",2015,69
"2770","United Kingdom",2014,71
"2771","United Kingdom",2013,72
"2772","United Kingdom",2012,72
"2773","United Kingdom",2011,74
"2774","United Kingdom",2010,77
"2775","United Kingdom",2009,78
"2776","United Kingdom",2008,8
"2777","United Kingdom",2007,8
"2778","United Kingdom",2006,82
"2779","United Kingdom",2005,82
"2780","United Kingdom",2004,83
"2781","United Kingdom",2003,86
"2782","United Kingdom",2002,87
"2783","United Kingdom",2001,88
"2784","United Kingdom",2000,89
"2785","United States of America",2015,13
"2786","United States of America",2014,14
"2787","United States of America",2013,16
"2788","United States of America",2012,16
"2789","United States of America",2011,16
"2790","United States of America",2010,15
"2791","United States of America",2009,18
"2792","United States of America",2008,18
"2793","United States of America",2007,11
"2794","United States of America",2006,113
"2795","United States of America",2005,112
"2796","United States of America",2004,111
"2797","United States of America",2003,114
"2798","United States of America",2002,115
"2799","United States of America",2001,115
"2800","United States of America",2000,114
"2801","Uruguay",2015,116
"2802","Uruguay",2014,117
"2803","Uruguay",2013,117
"2804","Uruguay",2012,118
"2805","Uruguay",2011,111
"2806","Uruguay",2010,118
"2807","Uruguay",2009,118
"2808","Uruguay",2008,119
"2809","Uruguay",2007,124
"2810","Uruguay",2006,117
"2811","Uruguay",2005,123
"2812","Uruguay",2004,122
"2813","Uruguay",2003,121
"2814","Uruguay",2002,124
"2815","Uruguay",2001,123
"2816","Uruguay",2000,131
"2817","Uzbekistan",2015,184
"2818","Uzbekistan",2014,184
"2819","Uzbekistan",2013,185
"2820","Uzbekistan",2012,184
"2821","Uzbekistan",2011,183
"2822","Uzbekistan",2010,183
"2823","Uzbekistan",2009,183
"2824","Uzbekistan",2008,184
"2825","Uzbekistan",2007,184
"2826","Uzbekistan",2006,185
"2827","Uzbekistan",2005,192
"2828","Uzbekistan",2004,183
"2829","Uzbekistan",2003,183
"2830","Uzbekistan",2002,186
"2831","Uzbekistan",2001,185
"2832","Uzbekistan",2000,189
"2833","Vanuatu",2015,13
"2834","Vanuatu",2014,134
"2835","Vanuatu",2013,135
"2836","Vanuatu",2012,138
"2837","Vanuatu",2011,141
"2838","Vanuatu",2010,145
"2839","Vanuatu",2009,149
"2840","Vanuatu",2008,153
"2841","Vanuatu",2007,157
"2842","Vanuatu",2006,161
"2843","Vanuatu",2005,165
"2844","Vanuatu",2004,169
"2845","Vanuatu",2003,173
"2846","Vanuatu",2002,176
"2847","Vanuatu",2001,179
"2848","Vanuatu",2000,18
"2849","Venezuela",2015,157
"2850","Venezuela",2014,158
"2851","Venezuela",2013,159
"2852","Venezuela",2012,161
"2853","Venezuela",2011,158
"2854","Venezuela",2010,158
"2855","Venezuela",2009,166
"2856","Venezuela",2008,168
"2857","Venezuela",2007,165
"2858","Venezuela",2006,163
"2859","Venezuela",2005,158
"2860","Venezuela",2004,161
"2861","Venezuela",2003,172
"2862","Venezuela",2002,167
"2863","Venezuela",2001,169
"2864","Venezuela",2000,168
"2865","Vietnam",2015,127
"2866","Vietnam",2014,128
"2867","Vietnam",2013,129
"2868","Vietnam",2012,13
"2869","Vietnam",2011,131
"2870","Vietnam",2010,133
"2871","Vietnam",2009,134
"2872","Vietnam",2008,135
"2873","Vietnam",2007,136
"2874","Vietnam",2006,136
"2875","Vietnam",2005,136
"2876","Vietnam",2004,136
"2877","Vietnam",2003,137
"2878","Vietnam",2002,137
"2879","Vietnam",2001,138
"2880","Vietnam",2000,139
"2881","Yemen",2015,224
"2882","Yemen",2014,228
"2883","Yemen",2013,226
"2884","Yemen",2012,236
"2885","Yemen",2011,234
"2886","Yemen",2010,233
"2887","Yemen",2009,235
"2888","Yemen",2008,238
"2889","Yemen",2007,24
"2890","Yemen",2006,242
"2891","Yemen",2005,245
"2892","Yemen",2004,247
"2893","Yemen",2003,249
"2894","Yemen",2002,25
"2895","Yemen",2001,251
"2896","Yemen",2000,252
"2897","Zambia",2015,33
"2898","Zambia",2014,314
"2899","Zambia",2013,328
"2900","Zambia",2012,349
"2901","Zambia",2011,366
"2902","Zambia",2010,363
"2903","Zambia",2009,368
"2904","Zambia",2008,45
"2905","Zambia",2007,487
"2906","Zambia",2006,526
"2907","Zambia",2005,554
"2908","Zambia",2004,578
"2909","Zambia",2003,64
"2910","Zambia",2002,69
"2911","Zambia",2001,611
"2912","Zambia",2000,614
"2913","Zimbabwe",2015,336
"2914","Zimbabwe",2014,371
"2915","Zimbabwe",2013,399
"2916","Zimbabwe",2012,429
"2917","Zimbabwe",2011,464
"2918","Zimbabwe",2010,527
"2919","Zimbabwe",2009,587
"2920","Zimbabwe",2008,632
"2921","Zimbabwe",2007,67
"2922","Zimbabwe",2006,7
"2923","Zimbabwe",2005,717
"2924","Zimbabwe",2004,723
"2925","Zimbabwe",2003,715
"2926","Zimbabwe",2002,73
"2927","Zimbabwe",2001,686
"2928","Zimbabwe",2000,665
